,ticker,ticker_price,call_1,put_1,difference_1,call_2,put_2,difference_2,call_3,put_3,difference_3,call_4,put_4,difference_4,call_5,put_5,difference_5,call_6,put_6,difference_6,call_7,put_7,difference_7,call_8,put_8,difference_8,call_9,put_9,difference_9,call_10,put_10,difference_10,call_11,put_11,difference_11,call_12,put_12,difference_12,call_13,put_13,difference_13,call_14,put_14,difference_14,call_15,put_15,difference_15,call_16,put_16,difference_16,call_17,put_17,difference_17,call_18,put_18,difference_18,call_19,put_19,difference_19,call_20,put_20,difference_20,call_21,put_21,difference_21,call_22,put_22,difference_22,call_23,put_23,difference_23
0,AEVA,1.03,1.15,0.05,106.79611650485434,1.2,0.6,58.252427184466015,1.25,0.65,58.252427184466015,1.15,0.15,97.08737864077669,,,,,,,,,,,,,,,,,,,,,,,,,,,,,,,,,,,,,,,,,,,,,,,,,,,,,,,,,
1,ACIC,11.9,12.4,0.5,100.0,11.3,0.5,90.75630252100841,12.3,0.25,101.26050420168067,12.3,0.25,101.26050420168067,13.0,0.25,107.14285714285714,11.3,0.15,93.69747899159664,,,,,,,,,,,,,,,,,,,,,,,,,,,,,,,,,,,,,,,,,,,,,,,,,,,
2,ADT,6.965,7.1,0.15,99.78463747307967,7.0,0.1,99.0667623833453,6.3,0.25,86.86288585786073,7.3,0.25,101.22038765254845,,,,,,,,,,,,,,,,,,,,,,,,,,,,,,,,,,,,,,,,,,,,,,,,,,,,,,,,,
3,ALPN,29.63,29.5,0.75,97.03003712453595,27.0,0.75,88.5926425919676,29.5,0.75,97.03003712453595,30.0,0.75,98.71751603104961,,,,,,,,,,,,,,,,,,,,,,,,,,,,,,,,,,,,,,,,,,,,,,,,,,,,,,,,,
4,AFRM,46.5477,45.1,0.02,96.84689039415481,22.25,0.03,47.73597836198136,22.1,0.17,47.11296154267558,17.25,0.13,36.77947567763821,29.65,0.06,63.56919890778707,17.7,0.33,37.31655914255699,17.75,0.39,37.29507580396024,44.6,0.02,95.77272346431724,44.65,0.1,95.708273448527,44.65,0.12,95.66530677133349,28.15,0.79,58.77841440071153,28.3,0.88,58.90731443229205,33.05,0.62,69.67046706926443,29.6,1.84,59.63774794458159,31.1,2.05,62.4090986235625,46.25,0.22,98.88780756084618,45.8,0.3,97.74919061521837,,,,,,,,,,,,,,,,,,
5,ALRS,22.945,22.7,0.75,95.66354325561124,13.0,0.75,53.388537807801264,22.8,0.75,96.09936805404227,22.6,0.25,97.40684244933537,,,,,,,,,,,,,,,,,,,,,,,,,,,,,,,,,,,,,,,,,,,,,,,,,,,,,,,,,
6,AAOI,21.6,20.7,0.05,95.60185185185183,21.0,0.05,96.99074074074073,21.0,0.05,96.99074074074073,21.1,0.05,97.4537037037037,20.9,0.05,96.52777777777776,21.0,2.15,87.26851851851852,18.4,0.6,82.40740740740739,20.9,0.75,93.28703703703702,20.7,0.15,95.13888888888889,19.4,0.2,88.88888888888889,20.1,0.5,90.74074074074075,,,,,,,,,,,,,,,,,,,,,,,,,,,,,,,,,,,,
7,AKRO,20.74,19.8,0.05,95.22661523625845,20.4,0.55,95.70877531340405,20.4,2.4,86.78881388621022,20.2,3.3,81.4850530376085,20.5,1.05,93.7801350048216,20.0,5.0,72.32401157184187,21.0,5.0,77.14561234329797,,,,,,,,,,,,,,,,,,,,,,,,,,,,,,,,,,,,,,,,,,,,,,,,
8,ALEX,17.47,16.5,0.1,93.87521465369204,17.4,2.05,87.86491127647395,16.8,0.2,95.02003434459074,14.7,0.3,82.42701774470521,,,,,,,,,,,,,,,,,,,,,,,,,,,,,,,,,,,,,,,,,,,,,,,,,,,,,,,,,
9,AIRS,7.15,7.4,0.75,93.00699300699301,7.4,0.75,93.00699300699301,7.4,0.75,93.00699300699301,7.6,0.25,102.79720279720279,,,,,,,,,,,,,,,,,,,,,,,,,,,,,,,,,,,,,,,,,,,,,,,,,,,,,,,,,
10,AESI,17.95,17.2,0.75,91.64345403899722,17.1,0.1,94.70752089136491,16.3,0.1,90.25069637883009,17.5,0.75,93.31476323119777,,,,,,,,,,,,,,,,,,,,,,,,,,,,,,,,,,,,,,,,,,,,,,,,,,,,,,,,,
11,ALT,10.137,9.3,0.05,91.24987668935583,9.0,0.05,88.29042122916049,9.0,0.75,81.38502515537141,9.0,0.75,81.38502515537141,10.2,0.45,96.18230245634803,9.1,0.75,82.37151030876984,7.4,0.75,65.60126270099636,10.3,0.75,94.20933214955114,8.8,0.65,80.39854000197298,8.0,0.65,72.50665877478544,,,,,,,,,,,,,,,,,,,,,,,,,,,,,,,,,,,,,,,
12,AG,4.61,4.15,0.01,89.80477223427332,4.7,0.75,85.68329718004338,4.7,0.75,85.68329718004338,5.3,0.02,114.53362255965294,4.25,0.01,91.97396963123644,5.0,0.03,107.80911062906723,4.75,0.03,102.38611713665942,4.25,0.16,88.72017353579174,4.25,0.02,91.75704989154013,4.25,0.02,91.75704989154013,2.05,0.3,37.96095444685466,2.43,0.55,40.780911062906725,2.78,0.59,47.5054229934924,,,,,,,,,,,,,,,,,,,,,,,,,,,,,,
13,AGNC,9.5217,8.55,0.01,89.68986630538666,8.25,0.02,86.43414516315366,7.25,0.16,74.4614932207484,6.6,0.18,67.42493462301901,7.7,0.17,79.08251677746621,7.75,0.19,79.39758656542425,7.2,0.15,74.04140017013769,8.75,0.17,90.10995935599736,8.05,0.15,82.96837749561529,7.0,0.17,71.73088839177879,6.75,0.27,68.05507419893507,,,,,,,,,,,,,,,,,,,,,,,,,,,,,,,,,,,,
14,ALLK,1.405,1.3,0.05,88.96797153024912,1.35,1.0,24.911032028469755,1.3,0.2,78.29181494661923,1.35,0.3,74.73309608540926,,,,,,,,,,,,,,,,,,,,,,,,,,,,,,,,,,,,,,,,,,,,,,,,,,,,,,,,,
15,AFMD,0.563779,1.0,0.5,88.68723382743947,0.75,0.65,17.737446765487892,1.0,0.3,124.16212735841525,1.0,0.35,115.29340397567131,,,,,,,,,,,,,,,,,,,,,,,,,,,,,,,,,,,,,,,,,,,,,,,,,,,,,,,,,
16,AEHR,17.8562,15.9,0.1,88.48467199068111,9.7,0.15,53.48282389310155,17.0,0.6,91.84484940804873,17.0,0.75,91.00480505370683,17.4,0.15,96.60510074931956,16.1,0.15,89.32471634502302,17.6,0.1,98.00517467322274,18.0,0.4,98.56520424278402,,,,,,,,,,,,,,,,,,,,,,,,,,,,,,,,,,,,,,,,,,,,,
17,ACRE,8.7166,7.8,0.1,88.33719569556938,7.9,0.75,82.02739600302871,8.1,0.75,84.32186861849804,8.4,0.75,87.76357754170205,,,,,,,,,,,,,,,,,,,,,,,,,,,,,,,,,,,,,,,,,,,,,,,,,,,,,,,,,
18,ACXP,3.06,2.75,0.05,88.23529411764707,2.85,0.75,68.62745098039215,2.95,0.75,71.89542483660131,3.1,0.85,73.52941176470587,,,,,,,,,,,,,,,,,,,,,,,,,,,,,,,,,,,,,,,,,,,,,,,,,,,,,,,,,
19,ACMR,19.62,17.3,0.05,87.92048929663608,13.8,0.15,69.57186544342507,18.8,0.75,91.9979612640163,18.7,0.75,91.48827726809378,,,,,,,,,,,,,,,,,,,,,,,,,,,,,,,,,,,,,,,,,,,,,,,,,,,,,,,,,
20,ACVA,14.79,13.6,0.75,86.88302907369845,13.5,0.2,89.92562542258284,13.6,0.25,90.26369168356997,13.7,0.3,90.60175794455712,,,,,,,,,,,,,,,,,,,,,,,,,,,,,,,,,,,,,,,,,,,,,,,,,,,,,,,,,
21,ALEC,6.41,6.3,0.75,86.58346333853353,6.3,0.75,86.58346333853353,6.4,0.75,88.14352574102965,6.4,0.75,88.14352574102965,,,,,,,,,,,,,,,,,,,,,,,,,,,,,,,,,,,,,,,,,,,,,,,,,,,,,,,,,
22,AEO,22.645,19.65,0.08,86.42084345330096,11.65,0.09,51.04879664385075,12.7,1.69,48.62000441598587,12.7,1.28,50.43055862221241,20.0,0.03,88.18723780083903,12.2,0.75,50.563038198277766,12.0,0.75,49.679841024508725,19.65,0.08,86.42084345330096,12.75,0.14,55.68558180613822,19.9,0.15,87.21572090969309,19.75,0.15,86.55332302936631,,,,,,,,,,,,,,,,,,,,,,,,,,,,,,,,,,,,
23,ABR,12.5101,10.8,0.05,85.93056810097441,12.1,0.05,96.32217168527829,12.1,0.05,96.32217168527829,12.0,0.05,95.52281756340876,11.4,0.1,90.32701577125684,12.1,0.15,95.52281756340876,9.7,0.95,69.94348566358383,10.9,0.25,85.13121397910488,10.4,0.3,80.73476630882247,10.3,0.35,79.5357351260182,11.4,0.8,84.73153691817011,12.0,0.8,89.5276616493873,11.9,1.2,85.53089104003966,,,,,,,,,,,,,,,,,,,,,,,,,,,,,,
24,AES,16.7599,14.4,0.05,85.62103592503536,8.3,0.1,48.92630624287735,15.7,0.05,93.37764545134519,15.7,0.1,93.07931431571788,15.7,0.1,93.07931431571788,16.0,0.75,90.99099636632678,16.0,0.75,90.99099636632678,,,,,,,,,,,,,,,,,,,,,,,,,,,,,,,,,,,,,,,,,,,,,,,,
25,ACEL,10.5625,9.0,0.05,84.73372781065088,9.5,0.05,89.46745562130177,9.5,0.1,88.99408284023669,9.9,0.1,92.7810650887574,,,,,,,,,,,,,,,,,,,,,,,,,,,,,,,,,,,,,,,,,,,,,,,,,,,,,,,,,
26,AHH,11.945,10.9,0.8,84.55420678107994,11.1,0.8,86.22854750941815,11.3,0.1,93.76308078694015,11.7,0.85,90.83298451234826,11.9,0.85,92.50732524068648,,,,,,,,,,,,,,,,,,,,,,,,,,,,,,,,,,,,,,,,,,,,,,,,,,,,,,
27,ALCC,10.665,9.0,0.05,83.91936240037506,9.0,0.05,83.91936240037506,9.0,1.0,75.01172058134084,9.0,1.0,75.01172058134084,,,,,,,,,,,,,,,,,,,,,,,,,,,,,,,,,,,,,,,,,,,,,,,,,,,,,,,,,
28,AKR,17.1,16.3,1.95,83.91812865497076,16.5,0.9,91.22807017543859,16.4,1.25,88.59649122807016,14.4,0.4,81.87134502923976,,,,,,,,,,,,,,,,,,,,,,,,,,,,,,,,,,,,,,,,,,,,,,,,,,,,,,,,,
29,AFCG,11.4281,9.6,0.05,83.56594709531767,10.6,0.75,86.19105538103446,10.6,0.75,86.19105538103446,10.9,0.75,88.81616366675125,,,,,,,,,,,,,,,,,,,,,,,,,,,,,,,,,,,,,,,,,,,,,,,,,,,,,,,,,
30,ACCD,13.76,11.3,0.05,81.75872093023257,11.4,0.25,81.03197674418605,11.4,0.1,82.12209302325581,11.4,0.35,80.30523255813954,11.4,0.15,81.75872093023257,11.6,0.2,82.84883720930233,,,,,,,,,,,,,,,,,,,,,,,,,,,,,,,,,,,,,,,,,,,,,,,,,,,
31,ADEA,13.2,12.4,1.65,81.43939393939394,12.5,1.75,81.43939393939394,12.7,0.25,94.31818181818183,13.0,0.25,96.5909090909091,,,,,,,,,,,,,,,,,,,,,,,,,,,,,,,,,,,,,,,,,,,,,,,,,,,,,,,,,
32,ADAP,1.235,1.05,0.05,80.97165991902834,1.0,0.5,40.48582995951417,1.05,0.2,68.82591093117409,1.35,0.25,89.06882591093117,,,,,,,,,,,,,,,,,,,,,,,,,,,,,,,,,,,,,,,,,,,,,,,,,,,,,,,,,
33,AGRO,9.85,8.0,0.05,80.71065989847716,8.0,0.1,80.20304568527919,8.2,0.15,81.72588832487308,9.5,0.75,88.83248730964468,,,,,,,,,,,,,,,,,,,,,,,,,,,,,,,,,,,,,,,,,,,,,,,,,,,,,,,,,
34,AAL,14.9898,12.0,0.02,79.92101295547639,12.5,0.02,83.25661449785854,10.05,0.02,66.912166940186,10.05,0.03,66.84545490933836,12.0,0.02,79.92101295547639,10.8,0.43,69.18037598900585,10.05,0.24,65.44450226153785,12.75,0.02,84.92441526904962,12.1,0.02,80.58813326395283,12.5,0.02,83.25661449785854,12.45,0.04,82.78963028192504,16.0,0.03,106.53911326368598,14.1,0.64,89.79439352092756,14.9,0.38,96.86586879077772,16.35,1.4,99.73448611722638,15.15,0.22,99.60106205553109,15.5,0.32,101.26886282672216,16.5,4.35,81.05511747988632,,,,,,,,,,,,,,,
35,AKBA,1.63,1.35,0.05,79.75460122699387,1.9,0.1,110.42944785276075,1.5,0.05,88.95705521472394,1.85,0.75,67.48466257668713,,,,,,,,,,,,,,,,,,,,,,,,,,,,,,,,,,,,,,,,,,,,,,,,,,,,,,,,,
36,AKYA,6.015,4.7,0.1,76.47547797173733,4.6,0.1,74.81296758104739,4.8,0.5,71.4879467996675,4.8,0.2,76.47547797173732,,,,,,,,,,,,,,,,,,,,,,,,,,,,,,,,,,,,,,,,,,,,,,,,,,,,,,,,,
37,AGI,12.065,9.2,0.05,75.83920430998757,9.3,0.05,76.66804807293826,11.0,0.1,90.34397016162454,9.7,0.05,79.98342312474098,11.9,0.25,96.56029838375467,11.4,0.1,93.65934521342729,,,,,,,,,,,,,,,,,,,,,,,,,,,,,,,,,,,,,,,,,,,,,,,,,,,
38,ACLX,64.33,49.5,0.75,75.78112855588373,37.0,0.75,56.35006995181098,49.5,0.75,75.78112855588373,42.5,5.0,58.29317581221826,,,,,,,,,,,,,,,,,,,,,,,,,,,,,,,,,,,,,,,,,,,,,,,,,,,,,,,,,
39,ABCL,5.38,4.7,0.75,73.42007434944239,4.8,0.75,75.27881040892194,4.8,0.75,75.27881040892194,4.8,0.75,75.27881040892194,3.0,0.55,45.539033457249076,,,,,,,,,,,,,,,,,,,,,,,,,,,,,,,,,,,,,,,,,,,,,,,,,,,,,,
40,AAPL,187.95,137.9,0.01,73.36525671721203,93.1,0.01,49.529130087789305,93.2,0.02,49.57701516360735,88.35,0.02,46.996541633413145,183.0,0.01,97.36100026602821,88.7,0.02,47.182761372705514,89.1,0.47,47.1561585528066,183.1,0.01,97.41420590582602,183.2,0.01,97.46741154562383,183.25,0.01,97.49401436552276,104.95,0.06,55.80739558393189,110.05,0.07,58.51556264964086,183.4,0.01,97.5738228252195,139.7,0.06,74.29635541367384,139.85,0.07,74.37084330939079,140.3,0.04,74.62623038042034,183.45,0.01,97.60042564511838,140.55,0.13,74.71135940409684,141.45,0.17,75.16892790635808,141.65,0.21,75.25405693003458,141.7,0.22,75.2753391859537,141.8,0.23,75.32322426177176,142.65,0.36,75.70630486831604
41,ACHR,5.6131,4.7,0.6,73.04341629402647,6.7,0.1,117.58208476599383,6.7,0.75,106.00203096328231,6.7,0.75,106.00203096328231,5.2,0.1,90.85888368281343,6.7,0.75,106.00203096328231,6.7,0.75,106.00203096328231,5.8,0.1,101.54816411608559,5.8,0.75,89.96811031337405,3.0,0.45,45.42944184140671,3.4,0.75,47.2109885802854,,,,,,,,,,,,,,,,,,,,,,,,,,,,,,,,,,,,
42,ALIT,9.4002,7.0,0.15,72.87078998319184,7.0,0.15,72.87078998319184,8.6,0.15,89.8917044318206,7.1,0.25,72.87078998319184,,,,,,,,,,,,,,,,,,,,,,,,,,,,,,,,,,,,,,,,,,,,,,,,,,,,,,,,,
43,AFK,13.28,10.6,1.05,71.91265060240963,8.7,1.1,57.22891566265061,10.9,1.25,72.66566265060241,11.1,1.4,73.04216867469879,,,,,,,,,,,,,,,,,,,,,,,,,,,,,,,,,,,,,,,,,,,,,,,,,,,,,,,,,
44,AAN,10.82,8.4,0.75,70.70240295748614,9.5,0.1,86.87615526802219,9.2,0.1,84.10351201478743,9.7,0.15,88.26247689463955,,,,,,,,,,,,,,,,,,,,,,,,,,,,,,,,,,,,,,,,,,,,,,,,,,,,,,,,,
45,AGS,9.17,7.8,1.35,70.3380588876772,8.1,1.45,72.51908396946564,8.1,1.55,71.42857142857143,8.5,0.1,91.60305343511452,,,,,,,,,,,,,,,,,,,,,,,,,,,,,,,,,,,,,,,,,,,,,,,,,,,,,,,,,
46,ALGN,301.66,210.8,0.05,69.86342239607505,171.0,1.5,56.18908705164755,166.1,0.8,54.79679108930583,166.3,1.5,54.631041569979445,211.2,0.25,69.9297222038056,166.7,1.5,54.76364118544056,161.8,1.5,53.13929589604191,211.8,1.5,69.7142478286813,212.3,0.1,70.34409600212159,198.6,1.15,65.45448518199296,190.4,1.5,62.620168401511634,222.0,0.9,73.2944374461314,224.0,5.5,72.43253994563416,,,,,,,,,,,,,,,,,,,,,,,,,,,,,,
47,AIV,7.605,5.3,0.05,69.0335305719921,6.4,0.75,74.29322813938198,5.4,0.1,69.69099276791584,6.3,0.15,80.86785009861931,6.8,0.15,87.44247205785666,6.3,0.15,80.86785009861931,7.8,0.35,97.96186719263642,,,,,,,,,,,,,,,,,,,,,,,,,,,,,,,,,,,,,,,,,,,,,,,,
48,ACR,9.775,7.4,0.75,68.03069053708441,9.0,0.75,84.39897698209718,9.2,0.8,85.93350383631712,9.4,0.8,87.97953964194373,,,,,,,,,,,,,,,,,,,,,,,,,,,,,,,,,,,,,,,,,,,,,,,,,,,,,,,,,
49,AFTY,13.4207,9.8,0.75,67.43314432183121,9.5,0.75,65.19779147138377,10.8,0.75,74.88432048998935,12.1,0.75,84.57084950859493,,,,,,,,,,,,,,,,,,,,,,,,,,,,,,,,,,,,,,,,,,,,,,,,,,,,,,,,,
50,ABUS,2.83,1.95,0.05,67.13780918727915,3.7,0.3,120.14134275618376,4.0,0.4,127.20848056537102,4.2,0.5,130.74204946996466,4.5,0.65,136.04240282685512,5.0,0.65,153.7102473498233,,,,,,,,,,,,,,,,,,,,,,,,,,,,,,,,,,,,,,,,,,,,,,,,,,,
51,AGL,7.45,5.0,0.05,66.44295302013423,5.1,0.75,58.38926174496643,5.1,0.6,60.40268456375839,5.2,0.5,63.08724832214765,5.4,0.35,67.78523489932887,,,,,,,,,,,,,,,,,,,,,,,,,,,,,,,,,,,,,,,,,,,,,,,,,,,,,,
52,AKAM,128.22,84.1,0.75,65.00545936671345,64.9,0.05,50.57713305256591,75.3,0.35,58.45421931055997,87.9,0.5,68.16409296521604,71.4,0.7,55.139603805958515,94.3,0.55,73.11651848385587,78.6,1.15,60.40399313679612,74.9,1.6,57.16736858524412,80.8,1.7,61.69084386211199,,,,,,,,,,,,,,,,,,,,,,,,,,,,,,,,,,,,,,,,,,
53,ACNT,10.43,8.3,1.55,64.71716203259828,9.4,3.1,60.4026845637584,9.9,0.25,92.52157238734421,10.0,5.0,47.93863854266539,,,,,,,,,,,,,,,,,,,,,,,,,,,,,,,,,,,,,,,,,,,,,,,,,,,,,,,,,
54,ACRS,1.2362,0.85,0.05,64.71444750040446,2.65,0.05,210.32195437631452,0.85,0.1,60.66979453162919,3.1,0.15,238.63452515774148,,,,,,,,,,,,,,,,,,,,,,,,,,,,,,,,,,,,,,,,,,,,,,,,,,,,,,,,,
55,AIP,7.02,4.6,0.1,64.1025641025641,4.8,0.15,66.23931623931624,4.9,0.75,59.11680911680912,4.9,0.75,59.11680911680912,,,,,,,,,,,,,,,,,,,,,,,,,,,,,,,,,,,,,,,,,,,,,,,,,,,,,,,,,
56,AL,42.595,27.3,0.5,62.918182885315176,24.9,0.75,56.69679539852095,27.4,0.75,62.56602887662871,24.9,0.75,56.69679539852095,,,,,,,,,,,,,,,,,,,,,,,,,,,,,,,,,,,,,,,,,,,,,,,,,,,,,,,,,
57,AB,33.85,21.0,0.05,61.89069423929099,18.5,0.1,54.357459379615946,21.4,0.1,62.92466765140324,21.3,0.15,62.48153618906943,20.1,0.75,57.163958641063516,,,,,,,,,,,,,,,,,,,,,,,,,,,,,,,,,,,,,,,,,,,,,,,,,,,,,,
58,ABNB,154.64,95.3,0.05,61.594671495085365,80.6,0.2,51.991722710812205,80.6,0.2,51.991722710812205,80.8,0.15,52.153388515261256,95.55,0.13,61.70460424211072,81.35,0.18,52.48965338851526,81.55,0.67,52.30212105535438,96.05,0.15,62.01500258665287,101.45,0.1,65.53931712364202,92.0,0.3,59.299017071908956,97.55,0.4,62.82333160889808,112.9,0.34,72.7884117951371,100.85,1.39,64.31712364200725,103.65,2.54,65.38411795137094,100.0,5.35,61.206673564407666,,,,,,,,,,,,,,,,,,,,,,,,
59,AIT,188.29,115.5,0.75,60.94322587498009,95.9,0.5,50.666525041159915,111.4,3.2,57.4645493653407,102.4,4.8,51.834935471878495,,,,,,,,,,,,,,,,,,,,,,,,,,,,,,,,,,,,,,,,,,,,,,,,,,,,,,,,,
60,ADTN,6.685,4.8,0.75,60.58339566192969,6.7,0.75,89.00523560209425,6.8,0.75,90.50112191473448,7.0,0.25,100.97232610321616,5.1,0.75,65.07105459985041,5.1,0.15,74.04637247569184,,,,,,,,,,,,,,,,,,,,,,,,,,,,,,,,,,,,,,,,,,,,,,,,,,,
61,ACA,84.54,51.3,0.2,60.4447598769813,47.0,0.75,54.707830612727705,52.4,0.75,61.0953394842678,47.9,0.75,55.772415424651044,,,,,,,,,,,,,,,,,,,,,,,,,,,,,,,,,,,,,,,,,,,,,,,,,,,,,,,,,
62,AIRC,32.0319,19.4,0.05,60.408530246410606,14.4,0.65,42.92595818543389,19.1,0.75,57.28664237837906,16.8,1.15,48.85754513469385,,,,,,,,,,,,,,,,,,,,,,,,,,,,,,,,,,,,,,,,,,,,,,,,,,,,,,,,,
63,ABBV,173.4574,104.8,0.04,60.395232489360495,89.8,0.5,51.4823812647947,89.5,0.5,51.30942813624555,89.7,0.29,51.545797411929385,105.4,0.09,60.71231322503393,90.1,0.42,51.701455227623605,85.85,0.45,49.23399059365584,95.4,0.16,54.906853210067716,100.8,0.08,58.06613035823205,105.3,0.11,60.64313197361426,95.7,0.36,54.964504252917436,100.9,0.2,58.05460014966211,90.85,0.5,52.08771721471669,106.05,0.21,61.017863752137416,96.1,0.99,54.83190685436309,106.35,0.94,60.76996426788364,100.95,1.0,57.62221732828925,,,,,,,,,,,,,,,,,,
64,AI,31.0399,18.75,0.02,60.341689245132876,17.25,0.04,55.444766252468604,17.3,0.04,55.60584924564835,16.55,0.06,53.12517115068026,18.75,0.05,60.245039449225025,16.6,0.11,53.12517115068026,16.3,1.45,47.84164897438459,30.5,0.01,98.22840924100915,19.0,0.13,60.79272162603617,20.6,0.26,65.5285616255207,30.65,0.11,98.3894922341889,20.65,0.58,64.65871346235006,20.95,0.99,64.30433087735463,30.75,0.06,98.87274121372815,19.6,2.5,55.09038366747316,,,,,,,,,,,,,,,,,,,,,,,,
65,AAON,82.7,49.9,0.1,60.21765417170495,50.4,0.75,60.03627569528416,55.5,0.75,66.20314389359129,55.9,0.4,67.11003627569528,,,,,,,,,,,,,,,,,,,,,,,,,,,,,,,,,,,,,,,,,,,,,,,,,,,,,,,,,
66,AIG,69.97,42.1,0.05,60.09718450764614,36.7,0.05,52.37959125339432,37.0,0.1,52.73688723738745,36.8,0.75,51.52208089181077,31.8,0.75,44.37616121194798,37.2,0.75,52.093754466199805,37.0,0.15,52.66542804058882,27.0,0.75,37.51607831927969,42.2,0.1,60.16864370444477,47.1,0.1,67.1716449907103,37.2,0.15,52.95126482778334,47.5,0.15,67.6718593683007,47.5,0.55,67.10018579391168,,,,,,,,,,,,,,,,,,,,,,,,,,,,,,
67,ADBE,619.18,371.5,0.01,59.99709292935819,311.45,0.39,50.23741076908169,311.6,0.39,50.26163635776351,311.8,0.35,50.300397299654385,371.8,0.26,60.00516812558546,314.6,0.31,50.75906844536323,314.9,1.5,50.615329952517854,373.25,0.3,60.232888659194415,334.95,0.4,54.03113795665235,458.8,0.3,74.04954940405052,328.2,0.88,52.863464582189344,359.9,0.9,57.97990891178656,336.85,2.8,53.950385994379666,488.5,1.35,78.67663684227527,400.95,3.15,64.24626118414677,399.0,5.0,63.63254627087439,363.0,20.0,55.3958461190607,,,,,,,,,,,,,,,,,,
68,ACN,370.034,221.6,0.1,59.85936427463422,191.8,0.2,51.77902571115087,191.9,0.5,51.72497662376971,182.6,0.5,49.21169406054579,142.7,0.1,38.53699930276677,182.6,0.75,49.144132701319336,182.8,1.25,49.063059070247604,222.7,0.15,60.143121983385306,247.5,0.15,66.8452088186491,204.3,0.4,55.103044585092185,204.5,0.5,55.130069128782765,191.0,0.75,51.41419437132804,249.5,0.4,67.31813833323424,208.0,1.85,55.71109681813022,228.1,2.2,61.048444197019734,,,,,,,,,,,,,,,,,,,,,,,,
69,ACAD,26.48,15.9,0.05,59.85649546827795,15.0,0.3,55.51359516616314,14.0,0.4,51.359516616314195,15.5,0.65,56.08006042296072,14.0,0.5,50.98187311178247,25.8,0.65,94.9773413897281,15.0,1.85,49.660120845921455,,,,,,,,,,,,,,,,,,,,,,,,,,,,,,,,,,,,,,,,,,,,,,,,
70,ALLE,133.485,80.4,0.75,59.66962580065176,86.0,0.75,63.86485372888339,86.4,0.75,64.16451286661422,71.9,1.85,52.477806495111814,,,,,,,,,,,,,,,,,,,,,,,,,,,,,,,,,,,,,,,,,,,,,,,,,,,,,,,,,
71,AEL,55.59,33.8,0.75,59.45313905378664,27.6,1.8,46.4112250404749,27.8,0.75,48.659830904839,27.9,0.75,48.839719373988125,,,,,,,,,,,,,,,,,,,,,,,,,,,,,,,,,,,,,,,,,,,,,,,,,,,,,,,,,
72,ABEV,2.61,2.15,0.6,59.38697318007663,0.2,0.1,3.831417624521073,2.75,0.05,103.44827586206897,2.3,0.05,86.20689655172414,3.4,1.3,80.45977011494251,1.3,0.55,28.73563218390805,,,,,,,,,,,,,,,,,,,,,,,,,,,,,,,,,,,,,,,,,,,,,,,,,,,
73,ACIW,30.9,21.0,2.65,59.38511326860842,18.4,0.75,57.119741100323616,21.0,0.75,65.53398058252428,19.0,3.9,48.86731391585761,,,,,,,,,,,,,,,,,,,,,,,,,,,,,,,,,,,,,,,,,,,,,,,,,,,,,,,,,
74,A,132.03,79.0,0.75,59.26683329546315,59.6,0.75,44.573203059910625,79.8,0.75,59.87275619177459,80.3,0.75,60.25145800196925,66.0,0.75,49.42058623040218,81.5,0.4,61.425433613572665,83.5,2.25,61.53904415663107,,,,,,,,,,,,,,,,,,,,,,,,,,,,,,,,,,,,,,,,,,,,,,,,
75,ALHC,6.9245,4.6,0.5,59.21005126723951,4.8,0.75,58.48797747129756,5.5,0.5,72.20737959419452,5.8,0.5,76.5398223698462,,,,,,,,,,,,,,,,,,,,,,,,,,,,,,,,,,,,,,,,,,,,,,,,,,,,,,,,,
76,AFYA,21.235,13.3,0.75,59.10054155874735,20.9,0.75,94.8905109489051,20.9,0.75,94.8905109489051,16.1,0.25,74.64092300447376,,,,,,,,,,,,,,,,,,,,,,,,,,,,,,,,,,,,,,,,,,,,,,,,,,,,,,,,,
77,AGM,187.955,115.5,4.8,58.89707642786837,95.5,0.75,50.4110026336091,115.5,0.75,61.051847516692824,101.0,2.7,52.29975260035646,,,,,,,,,,,,,,,,,,,,,,,,,,,,,,,,,,,,,,,,,,,,,,,,,,,,,,,,,
78,AGTI,7.43,5.1,0.75,58.5464333781965,5.5,0.1,72.67833109017498,5.3,0.1,69.98654104979812,5.3,0.75,61.238223418573355,,,,,,,,,,,,,,,,,,,,,,,,,,,,,,,,,,,,,,,,,,,,,,,,,,,,,,,,,
79,ACM,89.71,52.4,0.2,58.187493033106676,52.4,0.25,58.13175788652324,52.5,0.25,58.24322817969012,52.5,0.3,58.18749303310668,52.9,0.35,58.57763905919072,52.9,0.4,58.5219039126073,53.0,0.4,58.63337420577417,53.4,0.45,59.02352023185821,53.4,0.45,59.02352023185821,48.5,0.5,53.505740720098096,49.0,0.55,54.007357039349024,49.0,0.55,54.007357039349024,,,,,,,,,,,,,,,,,,,,,,,,,,,,,,,,,
80,AHCO,7.5,5.1,0.75,57.99999999999999,5.3,0.75,60.66666666666667,5.4,0.75,62.0,5.5,0.25,70.0,7.2,0.3,92.0,,,,,,,,,,,,,,,,,,,,,,,,,,,,,,,,,,,,,,,,,,,,,,,,,,,,,,
81,ACDC,7.35,5.0,0.75,57.82312925170068,5.1,0.75,59.183673469387756,5.1,0.75,59.183673469387756,6.1,0.75,72.78911564625851,,,,,,,,,,,,,,,,,,,,,,,,,,,,,,,,,,,,,,,,,,,,,,,,,,,,,,,,,
82,AGEN,0.7833,0.5,0.05,57.449253159708924,0.5,0.05,57.449253159708924,1.2,0.1,140.43150772373292,1.25,0.35,114.89850631941785,0.6,0.25,44.68275245755138,,,,,,,,,,,,,,,,,,,,,,,,,,,,,,,,,,,,,,,,,,,,,,,,,,,,,,
83,AGR,30.9001,18.5,0.75,57.44317979553465,16.0,0.85,49.02896754379436,18.5,2.25,52.58882657337679,16.0,2.45,43.85099077349265,,,,,,,,,,,,,,,,,,,,,,,,,,,,,,,,,,,,,,,,,,,,,,,,,,,,,,,,,
84,AGIO,25.425,15.4,0.85,57.227138643067846,15.5,0.85,57.620452310717795,15.5,0.9,57.42379547689281,15.6,0.9,57.81710914454277,15.7,0.95,58.01376597836775,15.9,0.5,60.570304818092424,,,,,,,,,,,,,,,,,,,,,,,,,,,,,,,,,,,,,,,,,,,,,,,,,,,
85,ALL,159.9,91.8,0.65,57.00437773608505,66.7,0.15,41.61976235146966,106.8,0.65,66.38524077548466,106.8,0.75,66.32270168855534,92.1,0.75,57.12945590994371,107.3,0.2,66.97936210131331,107.3,0.75,66.635397123202,107.3,1.6,66.1038148843027,,,,,,,,,,,,,,,,,,,,,,,,,,,,,,,,,,,,,,,,,,,,,
86,AFL,78.57,45.4,0.75,56.82830596919944,35.4,0.75,44.1008018327606,35.2,0.75,43.846251750031826,35.4,0.65,44.22807687412499,25.4,0.1,32.20058546519027,35.5,0.75,44.22807687412499,35.5,0.75,44.22807687412499,40.5,0.1,51.41911671121293,48.0,0.1,60.96474481354207,40.7,0.25,51.482754231895136,51.0,0.25,64.59208349242715,48.5,0.95,60.51928216876671,41.5,1.1,51.41911671121293,,,,,,,,,,,,,,,,,,,,,,,,,,,,,,
87,ADSK,265.3155,149.3,0.05,56.25378087597597,144.5,1.5,53.89809490964531,144.5,1.5,53.89809490964531,139.8,1.5,52.126619062964664,120.1,0.55,45.0595611639727,140.1,1.5,52.239691989348536,140.2,1.5,52.27738296480982,170.3,0.55,63.9804308455405,171.1,0.5,64.30080413696146,166.7,0.6,62.6047102412034,153.2,0.9,57.40335562754532,178.6,0.75,67.03339985790502,160.0,5.3,58.30793903861628,181.0,3.8,66.78840851740664,,,,,,,,,,,,,,,,,,,,,,,,,,,
88,ABEO,6.4999,4.4,0.75,56.154710072462656,4.4,0.4,61.5394082985892,4.9,0.3,70.7703195433776,6.1,0.65,83.84744380682778,5.8,0.8,76.9242603732365,,,,,,,,,,,,,,,,,,,,,,,,,,,,,,,,,,,,,,,,,,,,,,,,,,,,,,
89,AEG,5.81,3.9,0.65,55.93803786574871,3.9,0.7,55.07745266781412,3.5,0.7,48.19277108433735,4.1,0.25,66.26506024096386,,,,,,,,,,,,,,,,,,,,,,,,,,,,,,,,,,,,,,,,,,,,,,,,,,,,,,,,,
90,ABT,111.8,62.65,0.15,55.903398926654745,53.4,0.15,47.62969588550984,53.5,0.17,47.70125223613596,53.55,0.25,47.674418604651166,58.6,0.15,52.28085867620752,53.65,0.35,47.674418604651166,53.75,0.35,47.76386404293381,43.75,0.16,38.98926654740609,63.75,0.15,56.88729874776387,63.55,0.15,56.708407871198574,58.75,0.27,52.307692307692314,58.9,0.29,52.42397137745976,64.2,0.28,57.17352415026834,64.9,0.85,57.289803220035786,,,,,,,,,,,,,,,,,,,,,,,,,,,
91,AHOY,22.415,13.3,0.8,55.766227972339955,12.4,0.85,51.527994646442124,13.6,0.9,56.65848761989739,14.0,1.05,57.77381217934418,,,,,,,,,,,,,,,,,,,,,,,,,,,,,,,,,,,,,,,,,,,,,,,,,,,,,,,,,
92,AEYE,5.4897,3.1,0.05,55.55859154416453,3.2,0.6,47.361422299943534,3.3,0.2,56.46938812685575,3.4,0.2,58.290981292238186,,,,,,,,,,,,,,,,,,,,,,,,,,,,,,,,,,,,,,,,,,,,,,,,,,,,,,,,,
93,ALSN,62.655,34.8,0.05,55.46245311627165,34.9,0.75,54.50482802649429,35.5,0.25,56.26047402441944,35.5,0.95,55.143244753012524,36.0,0.6,56.49988029686377,,,,,,,,,,,,,,,,,,,,,,,,,,,,,,,,,,,,,,,,,,,,,,,,,,,,,,
94,AA,27.765,15.35,0.13,54.817215919322884,12.9,0.04,46.31730596074195,13.25,2.13,40.05042319466955,12.2,0.15,43.39996398343238,15.5,0.03,55.71763010985053,11.0,0.19,38.93390959841527,11.0,0.19,38.93390959841527,15.5,0.16,55.24941473077616,15.8,0.1,56.546011165135965,13.85,0.25,48.98253196470376,16.5,0.3,58.34683954619124,16.0,0.38,56.25787862416711,16.75,1.07,56.47397802989374,,,,,,,,,,,,,,,,,,,,,,,,,,,,,,
95,ADP,250.01,136.9,0.1,54.7178112875485,117.2,0.2,46.798128074877006,117.3,0.75,46.618135274589015,117.3,0.75,46.618135274589015,107.4,0.75,42.65829366825327,117.3,0.75,46.618135274589015,117.3,0.75,46.618135274589015,142.3,0.75,56.61773529058838,147.3,0.75,58.61765529378825,132.7,0.75,52.77788888444462,148.1,1.55,58.61765529378824,129.5,5.0,49.79800807967681,143.5,1.7,56.717731290748375,,,,,,,,,,,,,,,,,,,,,,,,,,,,,,
96,AER,77.83,42.4,0.05,54.41346524476424,39.7,0.75,50.044969805987414,50.2,0.75,63.53591160220995,53.1,0.15,68.0328922009508,51.2,0.75,64.8207632018502,,,,,,,,,,,,,,,,,,,,,,,,,,,,,,,,,,,,,,,,,,,,,,,,,,,,,,
97,ADVM,1.94,1.1,0.05,54.12371134020619,3.0,0.1,149.48453608247422,2.75,0.15,134.02061855670104,3.2,0.4,144.32989690721652,,,,,,,,,,,,,,,,,,,,,,,,,,,,,,,,,,,,,,,,,,,,,,,,,,,,,,,,,
98,AIR,64.045,35.1,0.45,54.10258412054024,35.8,0.1,55.74205636661721,36.0,0.1,56.054336794441404,36.4,0.15,56.60082754313373,31.6,0.3,48.87188695448513,31.7,2.25,45.983292997111405,36.7,0.75,56.13240690139746,,,,,,,,,,,,,,,,,,,,,,,,,,,,,,,,,,,,,,,,,,,,,,,,
99,ALKS,28.465,15.5,0.1,54.10152819251712,15.9,0.1,55.50676269102407,16.0,0.75,53.57456525557702,16.5,0.25,57.08765150184437,,,,,,,,,,,,,,,,,,,,,,,,,,,,,,,,,,,,,,,,,,,,,,,,,,,,,,,,,
100,ALRM,67.52,37.3,0.8,54.058056872037916,42.4,0.9,61.46327014218009,42.8,0.85,62.12973933649288,38.3,0.75,55.61315165876777,,,,,,,,,,,,,,,,,,,,,,,,,,,,,,,,,,,,,,,,,,,,,,,,,,,,,,,,,
101,ADMA,5.365,2.95,0.05,54.054054054054056,4.8,0.75,75.4892823858341,3.2,0.3,54.054054054054056,3.1,0.75,43.80242311276794,3.3,2.8,9.319664492078285,5.5,4.6,16.77539608574092,,,,,,,,,,,,,,,,,,,,,,,,,,,,,,,,,,,,,,,,,,,,,,,,,,,
102,ALC,77.36,42.4,0.75,53.83919338159255,39.8,0.75,50.478283350568766,42.7,0.75,54.22699069286453,40.7,5.0,46.147880041365056,,,,,,,,,,,,,,,,,,,,,,,,,,,,,,,,,,,,,,,,,,,,,,,,,,,,,,,,,
103,ABG,223.72,120.9,0.75,53.70552476309673,122.4,1.5,54.04076524226712,137.5,1.5,60.790273556231,138.5,1.55,61.214911496513494,124.4,0.75,55.26998033255855,,,,,,,,,,,,,,,,,,,,,,,,,,,,,,,,,,,,,,,,,,,,,,,,,,,,,,
104,ACHC,84.115,46.3,1.15,53.67651429590442,51.9,0.75,60.80960589668906,52.4,2.25,59.62075729655828,43.0,2.7,47.910598585270165,53.5,0.9,62.53343636687868,,,,,,,,,,,,,,,,,,,,,,,,,,,,,,,,,,,,,,,,,,,,,,,,,,,,,,
105,AAT,22.73,12.3,0.15,53.45358556973163,12.3,0.2,53.23361196656402,22.3,0.2,97.228332600088,22.3,0.3,96.78838539375275,,,,,,,,,,,,,,,,,,,,,,,,,,,,,,,,,,,,,,,,,,,,,,,,,,,,,,,,,
106,AGYS,90.235,52.9,4.8,53.30525849171608,52.9,3.3,54.967584640106395,58.0,4.8,58.95716739624315,54.0,4.8,54.524297667202305,,,,,,,,,,,,,,,,,,,,,,,,,,,,,,,,,,,,,,,,,,,,,,,,,,,,,,,,,
107,ACLS,125.79,67.8,0.75,53.30312425471022,68.0,0.15,53.93910485730184,68.7,0.75,54.018602432625805,69.2,0.75,54.41609030924557,70.0,1.0,54.8533269735273,70.6,1.9,54.614834247555436,72.0,5.0,53.263375467048256,,,,,,,,,,,,,,,,,,,,,,,,,,,,,,,,,,,,,,,,,,,,,,,,
108,AGO,82.8499,44.9,0.75,53.28914096456362,45.0,0.75,53.409841170598874,55.0,0.75,65.47986177412405,50.2,0.75,59.68625188443196,50.6,0.75,60.16905270857297,,,,,,,,,,,,,,,,,,,,,,,,,,,,,,,,,,,,,,,,,,,,,,,,,,,,,,
109,ADNT,34.65,18.5,0.05,53.246753246753244,19.5,0.2,55.6998556998557,20.0,0.2,57.14285714285715,19.9,0.25,56.709956709956714,20.0,0.25,56.99855699855701,20.3,0.3,57.720057720057724,,,,,,,,,,,,,,,,,,,,,,,,,,,,,,,,,,,,,,,,,,,,,,,,,,,
110,ACGL,83.44,45.9,1.5,53.211888782358585,45.9,1.5,53.211888782358585,46.9,1.5,54.41035474592522,47.4,1.45,55.06951102588686,,,,,,,,,,,,,,,,,,,,,,,,,,,,,,,,,,,,,,,,,,,,,,,,,,,,,,,,,
111,ACCO,6.495,4.2,0.75,53.117782909930725,5.1,0.05,77.75211701308699,5.3,0.1,80.06158583525789,5.4,0.15,80.83140877598153,,,,,,,,,,,,,,,,,,,,,,,,,,,,,,,,,,,,,,,,,,,,,,,,,,,,,,,,,
112,AAP,65.87,35.05,0.16,52.96796720813723,32.75,0.05,49.643236678305755,32.85,0.13,49.67359951419462,32.9,0.2,49.64323667830575,42.8,0.15,64.74874753301958,33.0,0.34,49.582511006528,32.9,0.37,49.38515257325034,43.05,0.33,64.85501745863063,33.45,1.23,48.91452861697283,33.7,1.38,49.06634279641718,43.5,1.15,64.29330499468651,44.25,2.21,63.82268103840898,,,,,,,,,,,,,,,,,,,,,,,,,,,,,,,,,
113,AEP,77.34,41.0,0.05,52.948021722265324,31.6,0.05,40.79389707783812,39.7,0.1,51.202482544608216,42.3,0.05,54.62891130074994,42.3,0.05,54.62891130074994,39.8,0.1,51.33178174295318,41.7,0.2,53.65916731316266,42.7,0.85,54.11171450737006,,,,,,,,,,,,,,,,,,,,,,,,,,,,,,,,,,,,,,,,,,,,,
114,AGX,47.22,26.0,1.0,52.9436679373147,24.9,1.35,49.87293519695044,26.4,1.4,52.9436679373147,27.5,2.2,53.57899195256247,,,,,,,,,,,,,,,,,,,,,,,,,,,,,,,,,,,,,,,,,,,,,,,,,,,,,,,,,
115,ALK,37.395,20.1,0.35,52.814547399384935,21.7,0.75,56.02353255782858,22.0,0.75,56.82577884743949,22.3,0.75,57.62802513705041,23.5,0.4,61.772964300040115,24.2,0.9,62.307795159780724,,,,,,,,,,,,,,,,,,,,,,,,,,,,,,,,,,,,,,,,,,,,,,,,,,,
116,ADC,58.1862,30.5,0.05,52.33199624653268,25.5,0.15,43.56703135795086,30.5,0.15,52.160134189893824,30.5,0.25,51.988272133254966,,,,,,,,,,,,,,,,,,,,,,,,,,,,,,,,,,,,,,,,,,,,,,,,,,,,,,,,,
117,ALGT,79.965,41.9,0.2,52.14781466891765,42.0,0.2,52.2728693803539,51.9,0.05,64.84086787969736,47.2,0.75,58.08791346213968,52.2,0.8,64.27812167823423,52.5,1.15,64.2155943225161,,,,,,,,,,,,,,,,,,,,,,,,,,,,,,,,,,,,,,,,,,,,,,,,,,,
118,AJG,236.285,123.5,0.75,51.949975664980855,108.8,0.15,45.98260575152887,124.0,0.25,52.37319338933914,125.0,0.75,52.58480225151829,126.4,5.0,51.37863173709716,,,,,,,,,,,,,,,,,,,,,,,,,,,,,,,,,,,,,,,,,,,,,,,,,,,,,,
119,ADI,194.73,101.6,0.75,51.7896574744518,96.9,0.2,49.65850151491809,97.0,0.85,49.37605915883532,92.0,0.75,46.85975453191599,116.9,0.45,59.80074975607251,92.0,0.75,46.85975453191599,92.0,0.45,47.013813998870226,101.9,0.45,52.097776408360296,102.0,0.45,52.14912956401171,117.0,0.45,59.852102911723925,97.4,0.5,49.761207826220925,97.9,0.4,50.06932676012942,98.3,0.65,50.146356493606525,126.7,0.55,64.78200585425975,100.0,2.3,50.172033071432246,118.4,2.0,59.77507317824681,,,,,,,,,,,,,,,,,,,,,
120,ACT,27.37,14.9,0.75,51.69894044574351,14.9,0.75,51.69894044574351,15.5,0.75,53.89112166605773,15.0,0.75,52.06430398246255,,,,,,,,,,,,,,,,,,,,,,,,,,,,,,,,,,,,,,,,,,,,,,,,,,,,,,,,,
121,ALGM,32.0,17.2,0.75,51.40625,18.0,0.75,53.90625,18.9,0.1,58.74999999999999,19.3,0.25,59.53125,20.5,0.5,62.5,20.5,0.5,62.5,21.4,0.85,64.21874999999999,,,,,,,,,,,,,,,,,,,,,,,,,,,,,,,,,,,,,,,,,,,,,,,,
122,ALB,121.38,62.7,0.46,51.27698138078761,63.0,0.47,51.515900477838194,63.45,1.27,51.227549843466804,48.15,0.75,39.05091448344044,63.05,0.25,51.73834239578184,48.55,0.75,39.38045806557917,48.55,1.07,39.116823199868186,63.85,0.74,51.99373867193936,64.95,1.6,52.19146482122261,66.15,2.49,52.446861097380136,70.95,5.9,53.59202504531224,,,,,,,,,,,,,,,,,,,,,,,,,,,,,,,,,,,,
123,ALKT,26.18,14.1,0.75,50.993124522536284,26.0,0.75,96.44766997708174,26.0,0.75,96.44766997708174,16.5,0.7,60.35141329258976,,,,,,,,,,,,,,,,,,,,,,,,,,,,,,,,,,,,,,,,,,,,,,,,,,,,,,,,,
124,AAPD,20.74,11.3,0.75,50.86788813886211,11.0,0.25,51.83220829315333,10.6,1.9,41.94792671166827,11.7,2.1,46.287367405978785,,,,,,,,,,,,,,,,,,,,,,,,,,,,,,,,,,,,,,,,,,,,,,,,,,,,,,,,,
125,ABCB,49.125,25.4,0.45,50.788804071246815,26.5,0.05,53.84223918575064,29.0,0.15,58.72773536895674,29.4,4.8,50.07633587786259,,,,,,,,,,,,,,,,,,,,,,,,,,,,,,,,,,,,,,,,,,,,,,,,,,,,,,,,,
126,ADUS,96.42,48.9,0.35,50.35262393694254,54.4,0.15,56.26426052686164,54.4,4.8,51.44160962455923,55.4,4.8,52.478738850860815,,,,,,,,,,,,,,,,,,,,,,,,,,,,,,,,,,,,,,,,,,,,,,,,,,,,,,,,,
127,AGCO,117.02,59.4,0.75,50.119637668774565,54.3,0.15,46.274141172449156,59.9,4.8,47.0859682105623,59.9,4.8,47.0859682105623,,,,,,,,,,,,,,,,,,,,,,,,,,,,,,,,,,,,,,,,,,,,,,,,,,,,,,,,,
128,AFG,124.576,66.5,4.8,49.52799897251477,73.5,2.95,56.632096069869,73.5,4.8,55.14705882352941,67.5,4.8,50.330721808374015,,,,,,,,,,,,,,,,,,,,,,,,,,,,,,,,,,,,,,,,,,,,,,,,,,,,,,,,,
129,ALLO,4.865,2.45,0.05,49.33196300102776,2.6,0.75,38.026721479958894,2.5,0.75,35.97122302158273,2.9,0.9,41.109969167523126,,,,,,,,,,,,,,,,,,,,,,,,,,,,,,,,,,,,,,,,,,,,,,,,,,,,,,,,,
130,AIZ,173.61,85.6,0.75,48.87391279304187,106.0,0.75,60.62438799608317,97.0,0.5,55.584355739876735,92.5,0.75,52.848338229364664,,,,,,,,,,,,,,,,,,,,,,,,,,,,,,,,,,,,,,,,,,,,,,,,,,,,,,,,,
131,ACNB,38.77,20.9,2.0,48.74903275728656,18.4,3.3,38.94763992777921,23.5,3.6,51.328346659788494,21.0,3.9,44.10626773278308,,,,,,,,,,,,,,,,,,,,,,,,,,,,,,,,,,,,,,,,,,,,,,,,,,,,,,,,,
132,ACWI,105.47,51.4,0.05,48.68683037830663,37.1,0.2,34.986252014790935,62.3,0.2,58.87930217123352,58.5,0.25,55.22897506399924,68.5,0.35,64.61553048260168,64.3,0.65,60.34891438323694,,,,,,,,,,,,,,,,,,,,,,,,,,,,,,,,,,,,,,,,,,,,,,,,,,,
133,AJX,4.66,2.3,0.05,48.283261802575105,2.4,0.6,38.62660944206009,2.65,0.1,54.72103004291845,2.35,0.15,47.21030042918456,2.55,0.2,50.42918454935621,,,,,,,,,,,,,,,,,,,,,,,,,,,,,,,,,,,,,,,,,,,,,,,,,,,,,,
134,ABM,40.95,20.5,0.8,48.1074481074481,20.6,0.85,48.22954822954822,23.1,0.15,56.043956043956044,20.8,0.25,50.18315018315018,,,,,,,,,,,,,,,,,,,,,,,,,,,,,,,,,,,,,,,,,,,,,,,,,,,,,,,,,
135,AEIS,105.31,52.9,2.25,48.09609723672965,53.0,0.65,49.71037888139777,63.4,1.5,58.77884341468046,63.5,1.05,59.301111005602515,59.4,2.65,53.8885196087741,64.4,2.9,58.39901243946445,64.9,4.3,57.54439274522838,,,,,,,,,,,,,,,,,,,,,,,,,,,,,,,,,,,,,,,,,,,,,,,,
136,AIEQ,36.4416,17.4,0.05,47.61042325254653,12.5,0.65,32.517781875658585,17.1,0.65,45.14071829996488,17.1,0.75,44.86630663856692,,,,,,,,,,,,,,,,,,,,,,,,,,,,,,,,,,,,,,,,,,,,,,,,,,,,,,,,,
137,AGQ,24.16,11.5,0.05,47.39238410596026,9.5,0.1,38.907284768211916,11.7,0.15,47.806291390728475,13.4,0.25,54.42880794701986,19.6,0.1,80.71192052980133,11.9,1.9,41.390728476821195,,,,,,,,,,,,,,,,,,,,,,,,,,,,,,,,,,,,,,,,,,,,,,,,,,,
138,AEM,47.0507,22.3,0.05,47.289413334976956,24.9,0.1,52.709098908199024,24.9,0.15,52.60283056362604,24.9,0.15,52.60283056362604,18.5,0.5,38.25660404627349,25.0,0.35,52.39029387448008,25.1,0.4,52.49656221905307,26.4,0.95,54.090587387647794,,,,,,,,,,,,,,,,,,,,,,,,,,,,,,,,,,,,,,,,,,,,,
139,ADM,53.375,25.2,0.05,47.119437939110064,25.3,0.2,47.025761124121786,24.7,0.25,45.80796252927401,24.4,0.3,45.15222482435597,26.8,0.1,50.02341920374707,24.5,0.25,45.433255269320846,24.7,0.25,45.80796252927401,26.8,0.2,49.8360655737705,27.5,0.2,51.147540983606554,26.8,0.3,49.64871194379391,27.8,1.05,50.11709601873536,,,,,,,,,,,,,,,,,,,,,,,,,,,,,,,,,,,,
140,AIQ,33.13,15.4,0.05,46.332629037126466,13.6,1.1,37.730153939028064,19.9,1.45,55.68970721400542,15.2,1.65,40.89948686990642,,,,,,,,,,,,,,,,,,,,,,,,,,,,,,,,,,,,,,,,,,,,,,,,,,,,,,,,,
141,ALLY,36.89,17.1,0.05,46.21848739495798,17.1,0.75,44.32095418812686,17.2,0.05,46.489563567362424,18.2,0.75,47.30279208457576,22.2,0.05,60.04337218758471,18.3,0.75,47.57386825698021,18.3,0.1,49.33586337760911,18.3,0.1,49.33586337760911,18.3,0.25,48.929249119002435,24.3,0.05,65.73597180807806,23.1,0.15,62.211981566820285,19.2,0.55,50.555706153429114,24.3,0.35,64.92274329086473,24.5,0.8,64.24505285985362,23.3,0.75,61.1276768772025,,,,,,,,,,,,,,,,,,,,,,,,
142,ACHV,4.73,2.9,0.75,45.454545454545446,2.55,0.25,48.62579281183931,3.3,0.4,61.31078224101479,3.8,0.6,67.65327695560252,,,,,,,,,,,,,,,,,,,,,,,,,,,,,,,,,,,,,,,,,,,,,,,,,,,,,,,,,
143,AGNG,28.71,13.3,0.65,44.06130268199234,11.5,0.7,37.61755485893417,13.7,0.75,45.10623476140717,15.1,0.95,49.285963079066526,,,,,,,,,,,,,,,,,,,,,,,,,,,,,,,,,,,,,,,,,,,,,,,,,,,,,,,,,
144,AIRG,4.0882,1.9,0.1,44.029157086248226,1.9,0.25,40.36006066239421,1.9,0.1,44.029157086248226,2.1,0.2,46.47522136881758,,,,,,,,,,,,,,,,,,,,,,,,,,,,,,,,,,,,,,,,,,,,,,,,,,,,,,,,,
145,AEE,69.05,30.2,0.1,43.591600289645186,31.0,0.15,44.67776973207821,36.2,0.2,52.13613323678494,36.2,0.3,51.99131064446054,36.2,0.4,51.84648805213614,,,,,,,,,,,,,,,,,,,,,,,,,,,,,,,,,,,,,,,,,,,,,,,,,,,,,,
146,ALNY,167.99,74.6,2.15,43.127567117090294,90.0,0.75,53.128162390618485,91.5,3.1,52.62217989166022,88.0,4.2,49.88392166200369,93.1,3.9,53.098398714209175,90.3,4.9,50.83635930710161,96.5,3.8,55.18185606286088,,,,,,,,,,,,,,,,,,,,,,,,,,,,,,,,,,,,,,,,,,,,,,,,
147,ACTG,4.295,1.9,0.05,43.07334109429569,2.2,0.05,50.058207217695006,2.05,0.1,45.40162980209546,2.0,0.1,44.23748544819557,,,,,,,,,,,,,,,,,,,,,,,,,,,,,,,,,,,,,,,,,,,,,,,,,,,,,,,,,
148,ALG,223.46,91.0,0.75,40.38754139443301,146.4,0.5,65.29132730690056,147.0,0.75,65.4479548912557,123.5,2.6,54.103642710104715,,,,,,,,,,,,,,,,,,,,,,,,,,,,,,,,,,,,,,,,,,,,,,,,,,,,,,,,,
149,ALNT,29.3374,12.3,0.85,39.02868011480227,9.9,2.9,23.86032845446427,12.7,3.1,32.722736166122424,13.7,0.8,43.971176723227,,,,,,,,,,,,,,,,,,,,,,,,,,,,,,,,,,,,,,,,,,,,,,,,,,,,,,,,,
150,ALE,59.11,26.4,5.0,36.20368803924885,26.4,5.0,36.20368803924885,31.4,5.0,44.66249365589579,31.4,5.0,44.66249365589579,,,,,,,,,,,,,,,,,,,,,,,,,,,,,,,,,,,,,,,,,,,,,,,,,,,,,,,,,
151,ABSI,4.465,2.15,0.55,35.83426651735722,2.2,0.25,43.67301231802912,2.45,0.45,44.79283314669653,2.6,0.55,45.91265397536394,,,,,,,,,,,,,,,,,,,,,,,,,,,,,,,,,,,,,,,,,,,,,,,,,,,,,,,,,
152,AIRR,60.9434,21.1,0.8,33.30959546070616,20.5,0.85,32.24303205925498,23.7,1.0,37.247675712218225,23.2,1.3,35.93498229504753,,,,,,,,,,,,,,,,,,,,,,,,,,,,,,,,,,,,,,,,,,,,,,,,,,,,,,,,,
153,ADCT,4.669,2.3,0.75,33.19768687085029,2.4,0.1,49.26108374384236,2.5,0.2,49.26108374384236,2.6,0.35,48.19019061897623,,,,,,,,,,,,,,,,,,,,,,,,,,,,,,,,,,,,,,,,,,,,,,,,,,,,,,,,,
154,AAPU,26.2176,9.9,1.25,32.9931038691566,13.0,1.25,44.817222018796535,13.0,1.35,44.43579885267911,13.2,1.65,44.05437568656169,,,,,,,,,,,,,,,,,,,,,,,,,,,,,,,,,,,,,,,,,,,,,,,,,,,,,,,,,
155,AIA,57.94,21.1,3.2,30.894028305143255,10.7,2.4,14.325163962720053,20.9,0.8,34.691059716948565,22.4,4.5,30.89402830514325,,,,,,,,,,,,,,,,,,,,,,,,,,,,,,,,,,,,,,,,,,,,,,,,,,,,,,,,,
156,ACI,21.3032,11.0,4.8,29.103608847497092,10.0,4.8,24.409478388223366,11.0,4.8,29.103608847497092,10.0,0.75,43.420706748281944,10.0,4.8,24.409478388223366,11.0,4.8,29.103608847497092,10.0,0.95,42.48188065642721,12.0,0.7,53.04367418979309,11.0,0.5,49.2883698223741,11.0,1.8,43.18600022531826,,,,,,,,,,,,,,,,,,,,,,,,,,,,,,,,,,,,,,,
157,ABOS,3.235,1.0,0.1,27.82071097372489,0.9,0.15,23.183925811437405,1.05,0.2,26.275115919629062,1.25,0.6,20.09273570324575,,,,,,,,,,,,,,,,,,,,,,,,,,,,,,,,,,,,,,,,,,,,,,,,,,,,,,,,,
158,AGGY,43.33,12.1,0.05,27.80983152550196,11.2,1.6,22.15555042695592,13.2,1.7,26.540503115624283,13.4,1.95,26.42510962381722,,,,,,,,,,,,,,,,,,,,,,,,,,,,,,,,,,,,,,,,,,,,,,,,,,,,,,,,,
159,AIVI,39.66,12.0,1.05,27.609682299546144,11.1,1.05,25.34039334341906,13.2,1.25,30.131114473020677,11.5,1.4,25.46646495209279,,,,,,,,,,,,,,,,,,,,,,,,,,,,,,,,,,,,,,,,,,,,,,,,,,,,,,,,,
160,ALDX,3.375,1.05,0.2,25.185185185185187,1.05,0.15,26.666666666666668,1.35,0.35,29.629629629629626,1.65,0.6,31.111111111111107,1.8,0.75,31.11111111111111,2.45,1.55,26.66666666666667,,,,,,,,,,,,,,,,,,,,,,,,,,,,,,,,,,,,,,,,,,,,,,,,,,,
161,AAPB,21.5676,5.3,0.4,22.719264081307145,12.3,1.3,51.00242957028135,8.4,0.3,37.55633450175263,6.9,0.95,27.58767781301582,,,,,,,,,,,,,,,,,,,,,,,,,,,,,,,,,,,,,,,,,,,,,,,,,,,,,,,,,
162,ADV,4.02,1.65,0.75,22.388059701492537,1.7,0.15,38.55721393034827,2.4,0.2,54.72636815920397,2.0,0.2,44.77611940298508,,,,,,,,,,,,,,,,,,,,,,,,,,,,,,,,,,,,,,,,,,,,,,,,,,,,,,,,,
163,ADPT,3.895,1.6,0.75,21.822849807445447,1.75,0.15,41.078305519897306,1.7,0.2,38.51091142490372,1.95,0.4,39.79460847240051,,,,,,,,,,,,,,,,,,,,,,,,,,,,,,,,,,,,,,,,,,,,,,,,,,,,,,,,,
164,AAPX,25.18,7.0,1.8,20.651310563939635,7.2,1.9,21.04845115170771,8.0,2.6,21.445591739475773,8.7,3.3,21.445591739475773,,,,,,,,,,,,,,,,,,,,,,,,,,,,,,,,,,,,,,,,,,,,,,,,,,,,,,,,,
165,ACET,3.23,0.75,0.1,20.123839009287927,1.0,0.2,24.76780185758514,1.25,0.5,23.219814241486066,1.4,0.8,18.57585139318885,,,,,,,,,,,,,,,,,,,,,,,,,,,,,,,,,,,,,,,,,,,,,,,,,,,,,,,,,
166,AAXJ,65.88,13.6,0.75,19.50516089860352,32.5,0.45,48.64905889496053,33.4,0.25,50.318761384335154,18.3,1.05,26.183970856102007,,,,,,,,,,,,,,,,,,,,,,,,,,,,,,,,,,,,,,,,,,,,,,,,,,,,,,,,,
167,ACES,31.911,6.8,0.85,18.64560809752123,8.0,0.65,23.03281000282034,8.9,1.55,23.032810002820344,8.8,2.45,19.89909435617812,,,,,,,,,,,,,,,,,,,,,,,,,,,,,,,,,,,,,,,,,,,,,,,,,,,,,,,,,
168,ACWV,101.905,18.8,0.75,17.71257543790786,12.1,0.75,11.137824444335411,38.3,1.25,36.357391688337174,28.9,1.85,26.54433050390069,,,,,,,,,,,,,,,,,,,,,,,,,,,,,,,,,,,,,,,,,,,,,,,,,,,,,,,,,
169,AIVL,96.355,16.8,0.75,16.657153235431476,14.1,0.75,13.855015307975712,17.9,4.6,13.803123864874681,17.0,5.0,12.453946344247834,,,,,,,,,,,,,,,,,,,,,,,,,,,,,,,,,,,,,,,,,,,,,,,,,,,,,,,,,
170,AGZ,107.8899,16.9,1.25,14.505528321001314,16.2,1.3,13.810375206576333,18.8,1.4,16.127552254659612,18.6,1.55,15.803147467927953,,,,,,,,,,,,,,,,,,,,,,,,,,,,,,,,,,,,,,,,,,,,,,,,,,,,,,,,,
171,AGG,97.64,13.3,0.05,13.570258090946332,23.3,0.1,23.76075378943056,28.9,0.1,29.496108152396555,14.8,0.2,14.952888160589922,,,,,,,,,,,,,,,,,,,,,,,,,,,,,,,,,,,,,,,,,,,,,,,,,,,,,,,,,
172,AIN,91.46,17.0,4.8,13.339164662147388,22.0,4.8,18.806035425322545,23.0,2.35,22.578176251913405,24.0,10.0,15.307238136890444,,,,,,,,,,,,,,,,,,,,,,,,,,,,,,,,,,,,,,,,,,,,,,,,,,,,,,,,,
173,ACIU,2.71,0.45,0.1,12.915129151291513,0.55,0.4,5.535055350553506,0.8,0.35,16.605166051660518,1.05,0.7,12.915129151291517,,,,,,,,,,,,,,,,,,,,,,,,,,,,,,,,,,,,,,,,,,,,,,,,,,,,,,,,,
174,ACWX,50.975,6.1,0.75,10.495340853359489,10.3,1.15,17.949975478175574,11.2,1.6,18.832761157430113,8.0,2.75,10.299166257969592,,,,,,,,,,,,,,,,,,,,,,,,,,,,,,,,,,,,,,,,,,,,,,,,,,,,,,,,,
175,ALIM,3.76,5.0,5.0,0.0,5.0,1.0,106.38297872340425,5.0,0.9,109.04255319148936,5.0,0.5,119.68085106382979,,,,,,,,,,,,,,,,,,,,,,,,,,,,,,,,,,,,,,,,,,,,,,,,,,,,,,,,,
176,ABAT,2.3151,0.15,0.4,-10.798669603904798,0.3,0.5,-8.638935683123838,0.55,0.7,-6.479201762342875,0.75,0.9,-6.47920176234288,,,,,,,,,,,,,,,,,,,,,,,,,,,,,,,,,,,,,,,,,,,,,,,,,,,,,,,,,
177,ACB,0.3963,0.01,0.11,-25.233409033560438,0.02,0.12,-25.233409033560434,0.03,0.14,-27.75674993691648,0.03,0.15,-30.28009084027252,0.04,0.13,-22.71006813020439,0.05,0.17,-30.28009084027252,0.08,0.19,-27.75674993691648,0.1,0.2,-25.233409033560438,0.14,0.24,-25.233409033560427,0.16,0.25,-22.71006813020439,0.23,0.3,-17.6633863234923,,,,,,,,,,,,,,,,,,,,,,,,,,,,,,,,,,,,
178,ALLT,1.94,0.2,0.75,-28.35051546391753,1.3,0.6,36.08247422680413,0.35,0.85,-25.773195876288664,0.5,0.8,-15.4639175257732,,,,,,,,,,,,,,,,,,,,,,,,,,,,,,,,,,,,,,,,,,,,,,,,,,,,,,,,,
179,AHT,1.76,0.05,0.8,-42.61363636363637,0.1,0.9,-45.45454545454546,0.2,0.95,-42.61363636363637,0.25,1.0,-42.61363636363637,0.35,1.15,-45.45454545454545,,,,,,,,,,,,,,,,,,,,,,,,,,,,,,,,,,,,,,,,,,,,,,,,,,,,,,
180,ABIO,1.6696,0.05,1.2,-68.87877335888835,0.05,2.45,-143.74700527072355,0.1,2.05,-116.79444178246285,0.65,1.5,-50.910397700047916,,,,,,,,,,,,,,,,,,,,,,,,,,,,,,,,,,,,,,,,,,,,,,,,,,,,,,,,,
181,AADI,1.93,0.05,2.35,-119.17098445595857,0.15,2.45,-119.17098445595857,0.35,1.0,-33.678756476683944,0.45,0.95,-25.906735751295333,,,,,,,,,,,,,,,,,,,,,,,,,,,,,,,,,,,,,,,,,,,,,,,,,,,,,,,,,
182,ABTS,0.99,0.05,1.6,-156.56565656565658,0.05,1.6,-156.56565656565658,0.15,1.65,-151.5151515151515,0.15,1.7,-156.56565656565658,,,,,,,,,,,,,,,,,,,,,,,,,,,,,,,,,,,,,,,,,,,,,,,,,,,,,,,,,
183,ALLG,1.02,0.05,1.65,-156.8627450980392,0.6,1.95,-132.35294117647058,0.2,1.7,-147.05882352941174,0.35,1.8,-142.15686274509804,,,,,,,,,,,,,,,,,,,,,,,,,,,,,,,,,,,,,,,,,,,,,,,,,,,,,,,,,
184,AKTS,0.73845,0.05,1.85,-243.7538086532602,0.05,1.85,-243.7538086532602,0.1,1.95,-250.52474778251738,0.15,1.95,-243.7538086532602,,,,,,,,,,,,,,,,,,,,,,,,,,,,,,,,,,,,,,,,,,,,,,,,,,,,,,,,,
185,ALGS,0.682551,0.05,2.15,-307.66931701806897,0.05,2.2,-314.9947769470707,3.2,2.4,117.20735886402632,3.6,2.2,205.11287801204597,,,,,,,,,,,,,,,,,,,,,,,,,,,,,,,,,,,,,,,,,,,,,,,,,,,,,,,,,
186,ALPP,0.555101,0.05,2.05,-360.29479319979606,0.1,2.1,-360.2947931997961,0.1,2.15,-369.30216302979096,0.75,2.1,-243.1989854098624,,,,,,,,,,,,,,,,,,,,,,,,,,,,,,,,,,,,,,,,,,,,,,,,,,,,,,,,,
187,AKLI,0.23005,0.05,1.0,-412.95370571614865,0.15,1.05,-391.2193001521409,0.25,1.75,-652.0321669202347,0.15,1.0,-369.484894588133,,,,,,,,,,,,,,,,,,,,,,,,,,,,,,,,,,,,,,,,,,,,,,,,,,,,,,,,,
188,ADN,0.172,0.05,1.0,-552.3255813953489,0.05,1.05,-581.3953488372093,0.05,1.05,-581.3953488372093,0.05,1.0,-552.3255813953489,0.1,0.45,-203.48837209302326,,,,,,,,,,,,,,,,,,,,,,,,,,,,,,,,,,,,,,,,,,,,,,,,,,,,,,
189,AFIB,0.186,0.05,2.4,-1263.4408602150538,0.05,2.45,-1290.3225806451615,0.05,2.5,-1317.204301075269,0.5,2.5,-1075.268817204301,,,,,,,,,,,,,,,,,,,,,,,,,,,,,,,,,,,,,,,,,,,,,,,,,,,,,,,,,
190,AAU,0.1352,0.05,2.45,-1775.1479289940833,0.05,2.45,-1775.1479289940833,0.05,2.4,-1738.165680473373,0.05,2.4,-1738.165680473373,,,,,,,,,,,,,,,,,,,,,,,,,,,,,,,,,,,,,,,,,,,,,,,,,,,,,,,,,
191,1BXSL,,,,,,,,,,,,,,,,,,,,,,,,,,,,,,,,,,,,,,,,,,,,,,,,,,,,,,,,,,,,,,,,,,,,,,
192,1INVH,,,,,,,,,,,,,,,,,,,,,,,,,,,,,,,,,,,,,,,,,,,,,,,,,,,,,,,,,,,,,,,,,,,,,,
193,1LNCO,,,,,,,,,,,,,,,,,,,,,,,,,,,,,,,,,,,,,,,,,,,,,,,,,,,,,,,,,,,,,,,,,,,,,,
194,1LUV,,,,,,,,,,,,,,,,,,,,,,,,,,,,,,,,,,,,,,,,,,,,,,,,,,,,,,,,,,,,,,,,,,,,,,
195,2LW,,,,,,,,,,,,,,,,,,,,,,,,,,,,,,,,,,,,,,,,,,,,,,,,,,,,,,,,,,,,,,,,,,,,,,
196,9AC,,,,,,,,,,,,,,,,,,,,,,,,,,,,,,,,,,,,,,,,,,,,,,,,,,,,,,,,,,,,,,,,,,,,,,
197,9AD,,,,,,,,,,,,,,,,,,,,,,,,,,,,,,,,,,,,,,,,,,,,,,,,,,,,,,,,,,,,,,,,,,,,,,
198,9AE,,,,,,,,,,,,,,,,,,,,,,,,,,,,,,,,,,,,,,,,,,,,,,,,,,,,,,,,,,,,,,,,,,,,,,
199,9BC,,,,,,,,,,,,,,,,,,,,,,,,,,,,,,,,,,,,,,,,,,,,,,,,,,,,,,,,,,,,,,,,,,,,,,
200,9BD,,,,,,,,,,,,,,,,,,,,,,,,,,,,,,,,,,,,,,,,,,,,,,,,,,,,,,,,,,,,,,,,,,,,,,
201,9CC,,,,,,,,,,,,,,,,,,,,,,,,,,,,,,,,,,,,,,,,,,,,,,,,,,,,,,,,,,,,,,,,,,,,,,
202,9CD,,,,,,,,,,,,,,,,,,,,,,,,,,,,,,,,,,,,,,,,,,,,,,,,,,,,,,,,,,,,,,,,,,,,,,
203,9CE,,,,,,,,,,,,,,,,,,,,,,,,,,,,,,,,,,,,,,,,,,,,,,,,,,,,,,,,,,,,,,,,,,,,,,
204,9DC,,,,,,,,,,,,,,,,,,,,,,,,,,,,,,,,,,,,,,,,,,,,,,,,,,,,,,,,,,,,,,,,,,,,,,
205,9DD,,,,,,,,,,,,,,,,,,,,,,,,,,,,,,,,,,,,,,,,,,,,,,,,,,,,,,,,,,,,,,,,,,,,,,
206,9DE,,,,,,,,,,,,,,,,,,,,,,,,,,,,,,,,,,,,,,,,,,,,,,,,,,,,,,,,,,,,,,,,,,,,,,
207,9EC,,,,,,,,,,,,,,,,,,,,,,,,,,,,,,,,,,,,,,,,,,,,,,,,,,,,,,,,,,,,,,,,,,,,,,
208,9ED,,,,,,,,,,,,,,,,,,,,,,,,,,,,,,,,,,,,,,,,,,,,,,,,,,,,,,,,,,,,,,,,,,,,,,
209,9EE,,,,,,,,,,,,,,,,,,,,,,,,,,,,,,,,,,,,,,,,,,,,,,,,,,,,,,,,,,,,,,,,,,,,,,
210,9FC,,,,,,,,,,,,,,,,,,,,,,,,,,,,,,,,,,,,,,,,,,,,,,,,,,,,,,,,,,,,,,,,,,,,,,
211,9FD,,,,,,,,,,,,,,,,,,,,,,,,,,,,,,,,,,,,,,,,,,,,,,,,,,,,,,,,,,,,,,,,,,,,,,
212,9FE,,,,,,,,,,,,,,,,,,,,,,,,,,,,,,,,,,,,,,,,,,,,,,,,,,,,,,,,,,,,,,,,,,,,,,
213,9GC,,,,,,,,,,,,,,,,,,,,,,,,,,,,,,,,,,,,,,,,,,,,,,,,,,,,,,,,,,,,,,,,,,,,,,
214,9GD,,,,,,,,,,,,,,,,,,,,,,,,,,,,,,,,,,,,,,,,,,,,,,,,,,,,,,,,,,,,,,,,,,,,,,
215,9GE,,,,,,,,,,,,,,,,,,,,,,,,,,,,,,,,,,,,,,,,,,,,,,,,,,,,,,,,,,,,,,,,,,,,,,
216,9HC,,,,,,,,,,,,,,,,,,,,,,,,,,,,,,,,,,,,,,,,,,,,,,,,,,,,,,,,,,,,,,,,,,,,,,
217,9HD,,,,,,,,,,,,,,,,,,,,,,,,,,,,,,,,,,,,,,,,,,,,,,,,,,,,,,,,,,,,,,,,,,,,,,
218,9HE,,,,,,,,,,,,,,,,,,,,,,,,,,,,,,,,,,,,,,,,,,,,,,,,,,,,,,,,,,,,,,,,,,,,,,
219,9IE,,,,,,,,,,,,,,,,,,,,,,,,,,,,,,,,,,,,,,,,,,,,,,,,,,,,,,,,,,,,,,,,,,,,,,
220,9JC,,,,,,,,,,,,,,,,,,,,,,,,,,,,,,,,,,,,,,,,,,,,,,,,,,,,,,,,,,,,,,,,,,,,,,
221,9JD,,,,,,,,,,,,,,,,,,,,,,,,,,,,,,,,,,,,,,,,,,,,,,,,,,,,,,,,,,,,,,,,,,,,,,
222,9KC,,,,,,,,,,,,,,,,,,,,,,,,,,,,,,,,,,,,,,,,,,,,,,,,,,,,,,,,,,,,,,,,,,,,,,
223,9KD,,,,,,,,,,,,,,,,,,,,,,,,,,,,,,,,,,,,,,,,,,,,,,,,,,,,,,,,,,,,,,,,,,,,,,
224,9KE,,,,,,,,,,,,,,,,,,,,,,,,,,,,,,,,,,,,,,,,,,,,,,,,,,,,,,,,,,,,,,,,,,,,,,
225,9LC,,,,,,,,,,,,,,,,,,,,,,,,,,,,,,,,,,,,,,,,,,,,,,,,,,,,,,,,,,,,,,,,,,,,,,
226,9LD,,,,,,,,,,,,,,,,,,,,,,,,,,,,,,,,,,,,,,,,,,,,,,,,,,,,,,,,,,,,,,,,,,,,,,
227,9LE,,,,,,,,,,,,,,,,,,,,,,,,,,,,,,,,,,,,,,,,,,,,,,,,,,,,,,,,,,,,,,,,,,,,,,
228,9MC,,,,,,,,,,,,,,,,,,,,,,,,,,,,,,,,,,,,,,,,,,,,,,,,,,,,,,,,,,,,,,,,,,,,,,
229,9MD,,,,,,,,,,,,,,,,,,,,,,,,,,,,,,,,,,,,,,,,,,,,,,,,,,,,,,,,,,,,,,,,,,,,,,
230,9ME,,,,,,,,,,,,,,,,,,,,,,,,,,,,,,,,,,,,,,,,,,,,,,,,,,,,,,,,,,,,,,,,,,,,,,
231,9NC,,,,,,,,,,,,,,,,,,,,,,,,,,,,,,,,,,,,,,,,,,,,,,,,,,,,,,,,,,,,,,,,,,,,,,
232,9ND,,,,,,,,,,,,,,,,,,,,,,,,,,,,,,,,,,,,,,,,,,,,,,,,,,,,,,,,,,,,,,,,,,,,,,
233,9NE,,,,,,,,,,,,,,,,,,,,,,,,,,,,,,,,,,,,,,,,,,,,,,,,,,,,,,,,,,,,,,,,,,,,,,
234,9OC,,,,,,,,,,,,,,,,,,,,,,,,,,,,,,,,,,,,,,,,,,,,,,,,,,,,,,,,,,,,,,,,,,,,,,
235,9OD,,,,,,,,,,,,,,,,,,,,,,,,,,,,,,,,,,,,,,,,,,,,,,,,,,,,,,,,,,,,,,,,,,,,,,
236,9PC,,,,,,,,,,,,,,,,,,,,,,,,,,,,,,,,,,,,,,,,,,,,,,,,,,,,,,,,,,,,,,,,,,,,,,
237,9PD,,,,,,,,,,,,,,,,,,,,,,,,,,,,,,,,,,,,,,,,,,,,,,,,,,,,,,,,,,,,,,,,,,,,,,
238,9PE,,,,,,,,,,,,,,,,,,,,,,,,,,,,,,,,,,,,,,,,,,,,,,,,,,,,,,,,,,,,,,,,,,,,,,
239,9QC,,,,,,,,,,,,,,,,,,,,,,,,,,,,,,,,,,,,,,,,,,,,,,,,,,,,,,,,,,,,,,,,,,,,,,
240,9QD,,,,,,,,,,,,,,,,,,,,,,,,,,,,,,,,,,,,,,,,,,,,,,,,,,,,,,,,,,,,,,,,,,,,,,
241,9QE,,,,,,,,,,,,,,,,,,,,,,,,,,,,,,,,,,,,,,,,,,,,,,,,,,,,,,,,,,,,,,,,,,,,,,
242,9RC,,,,,,,,,,,,,,,,,,,,,,,,,,,,,,,,,,,,,,,,,,,,,,,,,,,,,,,,,,,,,,,,,,,,,,
243,9RE,,,,,,,,,,,,,,,,,,,,,,,,,,,,,,,,,,,,,,,,,,,,,,,,,,,,,,,,,,,,,,,,,,,,,,
244,9SC,,,,,,,,,,,,,,,,,,,,,,,,,,,,,,,,,,,,,,,,,,,,,,,,,,,,,,,,,,,,,,,,,,,,,,
245,9SE,,,,,,,,,,,,,,,,,,,,,,,,,,,,,,,,,,,,,,,,,,,,,,,,,,,,,,,,,,,,,,,,,,,,,,
246,9TC,,,,,,,,,,,,,,,,,,,,,,,,,,,,,,,,,,,,,,,,,,,,,,,,,,,,,,,,,,,,,,,,,,,,,,
247,9TD,,,,,,,,,,,,,,,,,,,,,,,,,,,,,,,,,,,,,,,,,,,,,,,,,,,,,,,,,,,,,,,,,,,,,,
248,9TE,,,,,,,,,,,,,,,,,,,,,,,,,,,,,,,,,,,,,,,,,,,,,,,,,,,,,,,,,,,,,,,,,,,,,,
249,9UC,,,,,,,,,,,,,,,,,,,,,,,,,,,,,,,,,,,,,,,,,,,,,,,,,,,,,,,,,,,,,,,,,,,,,,
250,9UD,,,,,,,,,,,,,,,,,,,,,,,,,,,,,,,,,,,,,,,,,,,,,,,,,,,,,,,,,,,,,,,,,,,,,,
251,9UE,,,,,,,,,,,,,,,,,,,,,,,,,,,,,,,,,,,,,,,,,,,,,,,,,,,,,,,,,,,,,,,,,,,,,,
252,9VC,,,,,,,,,,,,,,,,,,,,,,,,,,,,,,,,,,,,,,,,,,,,,,,,,,,,,,,,,,,,,,,,,,,,,,
253,9VD,,,,,,,,,,,,,,,,,,,,,,,,,,,,,,,,,,,,,,,,,,,,,,,,,,,,,,,,,,,,,,,,,,,,,,
254,9VE,,,,,,,,,,,,,,,,,,,,,,,,,,,,,,,,,,,,,,,,,,,,,,,,,,,,,,,,,,,,,,,,,,,,,,
255,9WC,,,,,,,,,,,,,,,,,,,,,,,,,,,,,,,,,,,,,,,,,,,,,,,,,,,,,,,,,,,,,,,,,,,,,,
256,9WD,,,,,,,,,,,,,,,,,,,,,,,,,,,,,,,,,,,,,,,,,,,,,,,,,,,,,,,,,,,,,,,,,,,,,,
257,9XC,,,,,,,,,,,,,,,,,,,,,,,,,,,,,,,,,,,,,,,,,,,,,,,,,,,,,,,,,,,,,,,,,,,,,,
258,9XD,,,,,,,,,,,,,,,,,,,,,,,,,,,,,,,,,,,,,,,,,,,,,,,,,,,,,,,,,,,,,,,,,,,,,,
259,9XE,,,,,,,,,,,,,,,,,,,,,,,,,,,,,,,,,,,,,,,,,,,,,,,,,,,,,,,,,,,,,,,,,,,,,,
260,9YC,,,,,,,,,,,,,,,,,,,,,,,,,,,,,,,,,,,,,,,,,,,,,,,,,,,,,,,,,,,,,,,,,,,,,,
261,9YD,,,,,,,,,,,,,,,,,,,,,,,,,,,,,,,,,,,,,,,,,,,,,,,,,,,,,,,,,,,,,,,,,,,,,,
262,9YE,,,,,,,,,,,,,,,,,,,,,,,,,,,,,,,,,,,,,,,,,,,,,,,,,,,,,,,,,,,,,,,,,,,,,,
263,A1,,,,,,,,,,,,,,,,,,,,,,,,,,,,,,,,,,,,,,,,,,,,,,,,,,,,,,,,,,,,,,,,,,,,,,
264,AA1,,,,,,,,,,,,,,,,,,,,,,,,,,,,,,,,,,,,,,,,,,,,,,,,,,,,,,,,,,,,,,,,,,,,,,
265,AAAP,,,,,,,,,,,,,,,,,,,,,,,,,,,,,,,,,,,,,,,,,,,,,,,,,,,,,,,,,,,,,,,,,,,,,,
266,AABA,,,,,,,,,,,,,,,,,,,,,,,,,,,,,,,,,,,,,,,,,,,,,,,,,,,,,,,,,,,,,,,,,,,,,,
267,AABA1,,,,,,,,,,,,,,,,,,,,,,,,,,,,,,,,,,,,,,,,,,,,,,,,,,,,,,,,,,,,,,,,,,,,,,
268,AAC,,,,,,,,,,,,,,,,,,,,,,,,,,,,,,,,,,,,,,,,,,,,,,,,,,,,,,,,,,,,,,,,,,,,,,
269,AACC,,,,,,,,,,,,,,,,,,,,,,,,,,,,,,,,,,,,,,,,,,,,,,,,,,,,,,,,,,,,,,,,,,,,,,
270,AACH,,,,,,,,,,,,,,,,,,,,,,,,,,,,,,,,,,,,,,,,,,,,,,,,,,,,,,,,,,,,,,,,,,,,,,
271,AACQ,,,,,,,,,,,,,,,,,,,,,,,,,,,,,,,,,,,,,,,,,,,,,,,,,,,,,,,,,,,,,,,,,,,,,,
272,AAD,,,,,,,,,,,,,,,,,,,,,,,,,,,,,,,,,,,,,,,,,,,,,,,,,,,,,,,,,,,,,,,,,,,,,,
273,AAE,,,,,,,,,,,,,,,,,,,,,,,,,,,,,,,,,,,,,,,,,,,,,,,,,,,,,,,,,,,,,,,,,,,,,,
274,AAGR1,,,,,,,,,,,,,,,,,,,,,,,,,,,,,,,,,,,,,,,,,,,,,,,,,,,,,,,,,,,,,,,,,,,,,,
275,AAIC,,,,,,,,,,,,,,,,,,,,,,,,,,,,,,,,,,,,,,,,,,,,,,,,,,,,,,,,,,,,,,,,,,,,,,
276,AAL1,,,,,,,,,,,,,,,,,,,,,,,,,,,,,,,,,,,,,,,,,,,,,,,,,,,,,,,,,,,,,,,,,,,,,,
277,AAL2,,,,,,,,,,,,,,,,,,,,,,,,,,,,,,,,,,,,,,,,,,,,,,,,,,,,,,,,,,,,,,,,,,,,,,
278,AAMRQ,,,,,,,,,,,,,,,,,,,,,,,,,,,,,,,,,,,,,,,,,,,,,,,,,,,,,,,,,,,,,,,,,,,,,,
279,AAON1,,,,,,,,,,,,,,,,,,,,,,,,,,,,,,,,,,,,,,,,,,,,,,,,,,,,,,,,,,,,,,,,,,,,,,
280,AAPL7,,,,,,,,,,,,,,,,,,,,,,,,,,,,,,,,,,,,,,,,,,,,,,,,,,,,,,,,,,,,,,,,,,,,,,
281,AAU1,,,,,,,,,,,,,,,,,,,,,,,,,,,,,,,,,,,,,,,,,,,,,,,,,,,,,,,,,,,,,,,,,,,,,,
282,AAV,,,,,,,,,,,,,,,,,,,,,,,,,,,,,,,,,,,,,,,,,,,,,,,,,,,,,,,,,,,,,,,,,,,,,,
283,AAVL,,,,,,,,,,,,,,,,,,,,,,,,,,,,,,,,,,,,,,,,,,,,,,,,,,,,,,,,,,,,,,,,,,,,,,
284,AAVVF,,,,,,,,,,,,,,,,,,,,,,,,,,,,,,,,,,,,,,,,,,,,,,,,,,,,,,,,,,,,,,,,,,,,,,
285,AAWW,,,,,,,,,,,,,,,,,,,,,,,,,,,,,,,,,,,,,,,,,,,,,,,,,,,,,,,,,,,,,,,,,,,,,,
286,AAXN,,,,,,,,,,,,,,,,,,,,,,,,,,,,,,,,,,,,,,,,,,,,,,,,,,,,,,,,,,,,,,,,,,,,,,
287,ABAX,,,,,,,,,,,,,,,,,,,,,,,,,,,,,,,,,,,,,,,,,,,,,,,,,,,,,,,,,,,,,,,,,,,,,,
288,ABB,,,,,,,,,,,,,,,,,,,,,,,,,,,,,,,,,,,,,,,,,,,,,,,,,,,,,,,,,,,,,,,,,,,,,,
289,ABB1,,,,,,,,,,,,,,,,,,,,,,,,,,,,,,,,,,,,,,,,,,,,,,,,,,,,,,,,,,,,,,,,,,,,,,
290,ABBNY,,,,,,,,,,,,,,,,,,,,,,,,,,,,,,,,,,,,,,,,,,,,,,,,,,,,,,,,,,,,,,,,,,,,,,
291,ABBV1,,,,,,,,,,,,,,,,,,,,,,,,,,,,,,,,,,,,,,,,,,,,,,,,,,,,,,,,,,,,,,,,,,,,,,
292,ABC,,,,,,,,,,,,,,,,,,,,,,,,,,,,,,,,,,,,,,,,,,,,,,,,,,,,,,,,,,,,,,,,,,,,,,
293,ABCB1,,,,,,,,,,,,,,,,,,,,,,,,,,,,,,,,,,,,,,,,,,,,,,,,,,,,,,,,,,,,,,,,,,,,,,
294,ABCM,,,,,,,,,,,,,,,,,,,,,,,,,,,,,,,,,,,,,,,,,,,,,,,,,,,,,,,,,,,,,,,,,,,,,,
295,ABCO,,,,,,,,,,,,,,,,,,,,,,,,,,,,,,,,,,,,,,,,,,,,,,,,,,,,,,,,,,,,,,,,,,,,,,
296,ABD,,,,,,,,,,,,,,,,,,,,,,,,,,,,,,,,,,,,,,,,,,,,,,,,,,,,,,,,,,,,,,,,,,,,,,
297,ABDC,,,,,,,,,,,,,,,,,,,,,,,,,,,,,,,,,,,,,,,,,,,,,,,,,,,,,,,,,,,,,,,,,,,,,,
298,ABEO1,,,,,,,,,,,,,,,,,,,,,,,,,,,,,,,,,,,,,,,,,,,,,,,,,,,,,,,,,,,,,,,,,,,,,,
299,ABEV1,,,,,,,,,,,,,,,,,,,,,,,,,,,,,,,,,,,,,,,,,,,,,,,,,,,,,,,,,,,,,,,,,,,,,,
300,ABFS,,,,,,,,,,,,,,,,,,,,,,,,,,,,,,,,,,,,,,,,,,,,,,,,,,,,,,,,,,,,,,,,,,,,,,
301,ABKFQ,,,,,,,,,,,,,,,,,,,,,,,,,,,,,,,,,,,,,,,,,,,,,,,,,,,,,,,,,,,,,,,,,,,,,,
302,ABLX,,,,,,,,,,,,,,,,,,,,,,,,,,,,,,,,,,,,,,,,,,,,,,,,,,,,,,,,,,,,,,,,,,,,,,
303,ABMD,,,,,,,,,,,,,,,,,,,,,,,,,,,,,,,,,,,,,,,,,,,,,,,,,,,,,,,,,,,,,,,,,,,,,,
304,ABR1,,,,,,,,,,,,,,,,,,,,,,,,,,,,,,,,,,,,,,,,,,,,,,,,,,,,,,,,,,,,,,,,,,,,,,
305,ABST,,,,,,,,,,,,,,,,,,,,,,,,,,,,,,,,,,,,,,,,,,,,,,,,,,,,,,,,,,,,,,,,,,,,,,
306,ABT1,,,,,,,,,,,,,,,,,,,,,,,,,,,,,,,,,,,,,,,,,,,,,,,,,,,,,,,,,,,,,,,,,,,,,,
307,ABTL,,,,,,,,,,,,,,,,,,,,,,,,,,,,,,,,,,,,,,,,,,,,,,,,,,,,,,,,,,,,,,,,,,,,,,
308,ABTX,,,,,,,,,,,,,,,,,,,,,,,,,,,,,,,,,,,,,,,,,,,,,,,,,,,,,,,,,,,,,,,,,,,,,,
309,ABV,,,,,,,,,,,,,,,,,,,,,,,,,,,,,,,,,,,,,,,,,,,,,,,,,,,,,,,,,,,,,,,,,,,,,,
310,ABVT,,,,,,,,,,,,,,,,,,,,,,,,,,,,,,,,,,,,,,,,,,,,,,,,,,,,,,,,,,,,,,,,,,,,,,
311,ABX,,,,,,,,,,,,,,,,,,,,,,,,,,,,,,,,,,,,,,,,,,,,,,,,,,,,,,,,,,,,,,,,,,,,,,
312,ABY,,,,,,,,,,,,,,,,,,,,,,,,,,,,,,,,,,,,,,,,,,,,,,,,,,,,,,,,,,,,,,,,,,,,,,
313,ACAC,,,,,,,,,,,,,,,,,,,,,,,,,,,,,,,,,,,,,,,,,,,,,,,,,,,,,,,,,,,,,,,,,,,,,,
314,ACAS,,,,,,,,,,,,,,,,,,,,,,,,,,,,,,,,,,,,,,,,,,,,,,,,,,,,,,,,,,,,,,,,,,,,,,
315,ACAT,,,,,,,,,,,,,,,,,,,,,,,,,,,,,,,,,,,,,,,,,,,,,,,,,,,,,,,,,,,,,,,,,,,,,,
316,ACB1,,,,,,,,,,,,,,,,,,,,,,,,,,,,,,,,,,,,,,,,,,,,,,,,,,,,,,,,,,,,,,,,,,,,,,
317,ACC,,,,,,,,,,,,,,,,,,,,,,,,,,,,,,,,,,,,,,,,,,,,,,,,,,,,,,,,,,,,,,,,,,,,,,
318,ACCL,,,,,,,,,,,,,,,,,,,,,,,,,,,,,,,,,,,,,,,,,,,,,,,,,,,,,,,,,,,,,,,,,,,,,,
319,ACD,,,,,,,,,,,,,,,,,,,,,,,,,,,,,,,,,,,,,,,,,,,,,,,,,,,,,,,,,,,,,,,,,,,,,,
320,ACE,,,,,,,,,,,,,,,,,,,,,,,,,,,,,,,,,,,,,,,,,,,,,,,,,,,,,,,,,,,,,,,,,,,,,,
321,ACER,,,,,,,,,,,,,,,,,,,,,,,,,,,,,,,,,,,,,,,,,,,,,,,,,,,,,,,,,,,,,,,,,,,,,,
322,ACET1,,,,,,,,,,,,,,,,,,,,,,,,,,,,,,,,,,,,,,,,,,,,,,,,,,,,,,,,,,,,,,,,,,,,,,
323,ACETQ,,,,,,,,,,,,,,,,,,,,,,,,,,,,,,,,,,,,,,,,,,,,,,,,,,,,,,,,,,,,,,,,,,,,,,
324,ACEV,,,,,,,,,,,,,,,,,,,,,,,,,,,,,,,,,,,,,,,,,,,,,,,,,,,,,,,,,,,,,,,,,,,,,,
325,ACFN,,,,,,,,,,,,,,,,,,,,,,,,,,,,,,,,,,,,,,,,,,,,,,,,,,,,,,,,,,,,,,,,,,,,,,
326,ACGN1,,,,,,,,,,,,,,,,,,,,,,,,,,,,,,,,,,,,,,,,,,,,,,,,,,,,,,,,,,,,,,,,,,,,,,
327,ACH,,,,,,,,,,,,,,,,,,,,,,,,,,,,,,,,,,,,,,,,,,,,,,,,,,,,,,,,,,,,,,,,,,,,,,
328,ACHHY,,,,,,,,,,,,,,,,,,,,,,,,,,,,,,,,,,,,,,,,,,,,,,,,,,,,,,,,,,,,,,,,,,,,,,
329,ACHI,,,,,,,,,,,,,,,,,,,,,,,,,,,,,,,,,,,,,,,,,,,,,,,,,,,,,,,,,,,,,,,,,,,,,,
330,ACHN,,,,,,,,,,,,,,,,,,,,,,,,,,,,,,,,,,,,,,,,,,,,,,,,,,,,,,,,,,,,,,,,,,,,,,
331,ACHV1,,,,,,,,,,,,,,,,,,,,,,,,,,,,,,,,,,,,,,,,,,,,,,,,,,,,,,,,,,,,,,,,,,,,,,
332,ACI1,,,,,,,,,,,,,,,,,,,,,,,,,,,,,,,,,,,,,,,,,,,,,,,,,,,,,,,,,,,,,,,,,,,,,,
333,ACIA,,,,,,,,,,,,,,,,,,,,,,,,,,,,,,,,,,,,,,,,,,,,,,,,,,,,,,,,,,,,,,,,,,,,,,
334,ACIIQ,,,,,,,,,,,,,,,,,,,,,,,,,,,,,,,,,,,,,,,,,,,,,,,,,,,,,,,,,,,,,,,,,,,,,,
335,ACIQ1,,,,,,,,,,,,,,,,,,,,,,,,,,,,,,,,,,,,,,,,,,,,,,,,,,,,,,,,,,,,,,,,,,,,,,
336,ACIW1,,,,,,,,,,,,,,,,,,,,,,,,,,,,,,,,,,,,,,,,,,,,,,,,,,,,,,,,,,,,,,,,,,,,,,
337,ACLS1,,,,,,,,,,,,,,,,,,,,,,,,,,,,,,,,,,,,,,,,,,,,,,,,,,,,,,,,,,,,,,,,,,,,,,
338,ACM1,,,,,,,,,,,,,,,,,,,,,,,,,,,,,,,,,,,,,,,,,,,,,,,,,,,,,,,,,,,,,,,,,,,,,,
339,ACMP,,,,,,,,,,,,,,,,,,,,,,,,,,,,,,,,,,,,,,,,,,,,,,,,,,,,,,,,,,,,,,,,,,,,,,
340,ACMP1,,,,,,,,,,,,,,,,,,,,,,,,,,,,,,,,,,,,,,,,,,,,,,,,,,,,,,,,,,,,,,,,,,,,,,
341,ACO,,,,,,,,,,,,,,,,,,,,,,,,,,,,,,,,,,,,,,,,,,,,,,,,,,,,,,,,,,,,,,,,,,,,,,
342,ACOM,,,,,,,,,,,,,,,,,,,,,,,,,,,,,,,,,,,,,,,,,,,,,,,,,,,,,,,,,,,,,,,,,,,,,,
343,ACOR,,,,,,,,,,,,,,,,,,,,,,,,,,,,,,,,,,,,,,,,,,,,,,,,,,,,,,,,,,,,,,,,,,,,,,
344,ACOR1,,,,,,,,,,,,,,,,,,,,,,,,,,,,,,,,,,,,,,,,,,,,,,,,,,,,,,,,,,,,,,,,,,,,,,
345,ACPW,,,,,,,,,,,,,,,,,,,,,,,,,,,,,,,,,,,,,,,,,,,,,,,,,,,,,,,,,,,,,,,,,,,,,,
346,ACR1,,,,,,,,,,,,,,,,,,,,,,,,,,,,,,,,,,,,,,,,,,,,,,,,,,,,,,,,,,,,,,,,,,,,,,
347,ACRX,,,,,,,,,,,,,,,,,,,,,,,,,,,,,,,,,,,,,,,,,,,,,,,,,,,,,,,,,,,,,,,,,,,,,,
348,ACRX1,,,,,,,,,,,,,,,,,,,,,,,,,,,,,,,,,,,,,,,,,,,,,,,,,,,,,,,,,,,,,,,,,,,,,,
349,ACSF,,,,,,,,,,,,,,,,,,,,,,,,,,,,,,,,,,,,,,,,,,,,,,,,,,,,,,,,,,,,,,,,,,,,,,
350,ACSF1,,,,,,,,,,,,,,,,,,,,,,,,,,,,,,,,,,,,,,,,,,,,,,,,,,,,,,,,,,,,,,,,,,,,,,
351,ACT1,,,,,,,,,,,,,,,,,,,,,,,,,,,,,,,,,,,,,,,,,,,,,,,,,,,,,,,,,,,,,,,,,,,,,,
352,ACT2,,,,,,,,,,,,,,,,,,,,,,,,,,,,,,,,,,,,,,,,,,,,,,,,,,,,,,,,,,,,,,,,,,,,,,
353,ACT3,,,,,,,,,,,,,,,,,,,,,,,,,,,,,,,,,,,,,,,,,,,,,,,,,,,,,,,,,,,,,,,,,,,,,,
354,ACTA,,,,,,,,,,,,,,,,,,,,,,,,,,,,,,,,,,,,,,,,,,,,,,,,,,,,,,,,,,,,,,,,,,,,,,
355,ACTA1,,,,,,,,,,,,,,,,,,,,,,,,,,,,,,,,,,,,,,,,,,,,,,,,,,,,,,,,,,,,,,,,,,,,,,
356,ACTC,,,,,,,,,,,,,,,,,,,,,,,,,,,,,,,,,,,,,,,,,,,,,,,,,,,,,,,,,,,,,,,,,,,,,,
357,ACTV,,,,,,,,,,,,,,,,,,,,,,,,,,,,,,,,,,,,,,,,,,,,,,,,,,,,,,,,,,,,,,,,,,,,,,
358,ACUR,,,,,,,,,,,,,,,,,,,,,,,,,,,,,,,,,,,,,,,,,,,,,,,,,,,,,,,,,,,,,,,,,,,,,,
359,ACUR1,,,,,,,,,,,,,,,,,,,,,,,,,,,,,,,,,,,,,,,,,,,,,,,,,,,,,,,,,,,,,,,,,,,,,,
360,ACW,,,,,,,,,,,,,,,,,,,,,,,,,,,,,,,,,,,,,,,,,,,,,,,,,,,,,,,,,,,,,,,,,,,,,,
361,ACXM,,,,,,,,,,,,,,,,,,,,,,,,,,,,,,,,,,,,,,,,,,,,,,,,,,,,,,,,,,,,,,,,,,,,,,
362,ADAP1,,,,,,,,,,,,,,,,,,,,,,,,,,,,,,,,,,,,,,,,,,,,,,,,,,,,,,,,,,,,,,,,,,,,,,
363,ADD,,,,,,,,,,,,,,,,,,,,,,,,,,,,,,,,,,,,,,,,,,,,,,,,,,,,,,,,,,,,,,,,,,,,,,
364,ADEA1,,,,,,,,,,,,,,,,,,,,,,,,,,,,,,,,,,,,,,,,,,,,,,,,,,,,,,,,,,,,,,,,,,,,,,
365,ADEP,,,,,,,,,,,,,,,,,,,,,,,,,,,,,,,,,,,,,,,,,,,,,,,,,,,,,,,,,,,,,,,,,,,,,,
366,ADES,,,,,,,,,,,,,,,,,,,,,,,,,,,,,,,,,,,,,,,,,,,,,,,,,,,,,,,,,,,,,,,,,,,,,,
367,ADGI,,,,,,,,,,,,,,,,,,,,,,,,,,,,,,,,,,,,,,,,,,,,,,,,,,,,,,,,,,,,,,,,,,,,,,
368,ADHD,,,,,,,,,,,,,,,,,,,,,,,,,,,,,,,,,,,,,,,,,,,,,,,,,,,,,,,,,,,,,,,,,,,,,,
369,ADI1,,,,,,,,,,,,,,,,,,,,,,,,,,,,,,,,,,,,,,,,,,,,,,,,,,,,,,,,,,,,,,,,,,,,,,
370,ADIL,,,,,,,,,,,,,,,,,,,,,,,,,,,,,,,,,,,,,,,,,,,,,,,,,,,,,,,,,,,,,,,,,,,,,,
371,ADIL1,,,,,,,,,,,,,,,,,,,,,,,,,,,,,,,,,,,,,,,,,,,,,,,,,,,,,,,,,,,,,,,,,,,,,,
372,ADK,,,,,,,,,,,,,,,,,,,,,,,,,,,,,,,,,,,,,,,,,,,,,,,,,,,,,,,,,,,,,,,,,,,,,,
373,ADMP,,,,,,,,,,,,,,,,,,,,,,,,,,,,,,,,,,,,,,,,,,,,,,,,,,,,,,,,,,,,,,,,,,,,,,
374,ADMP1,,,,,,,,,,,,,,,,,,,,,,,,,,,,,,,,,,,,,,,,,,,,,,,,,,,,,,,,,,,,,,,,,,,,,,
375,ADMS,,,,,,,,,,,,,,,,,,,,,,,,,,,,,,,,,,,,,,,,,,,,,,,,,,,,,,,,,,,,,,,,,,,,,,
376,ADNC,,,,,,,,,,,,,,,,,,,,,,,,,,,,,,,,,,,,,,,,,,,,,,,,,,,,,,,,,,,,,,,,,,,,,,
377,ADP1,,,,,,,,,,,,,,,,,,,,,,,,,,,,,,,,,,,,,,,,,,,,,,,,,,,,,,,,,,,,,,,,,,,,,,
378,ADPTQ,,,,,,,,,,,,,,,,,,,,,,,,,,,,,,,,,,,,,,,,,,,,,,,,,,,,,,,,,,,,,,,,,,,,,,
379,ADRO,,,,,,,,,,,,,,,,,,,,,,,,,,,,,,,,,,,,,,,,,,,,,,,,,,,,,,,,,,,,,,,,,,,,,,
380,ADRO1,,,,,,,,,,,,,,,,,,,,,,,,,,,,,,,,,,,,,,,,,,,,,,,,,,,,,,,,,,,,,,,,,,,,,,
381,ADS,,,,,,,,,,,,,,,,,,,,,,,,,,,,,,,,,,,,,,,,,,,,,,,,,,,,,,,,,,,,,,,,,,,,,,
382,ADS1,,,,,,,,,,,,,,,,,,,,,,,,,,,,,,,,,,,,,,,,,,,,,,,,,,,,,,,,,,,,,,,,,,,,,,
383,ADSW,,,,,,,,,,,,,,,,,,,,,,,,,,,,,,,,,,,,,,,,,,,,,,,,,,,,,,,,,,,,,,,,,,,,,,
384,ADTX,,,,,,,,,,,,,,,,,,,,,,,,,,,,,,,,,,,,,,,,,,,,,,,,,,,,,,,,,,,,,,,,,,,,,,
385,ADTX1,,,,,,,,,,,,,,,,,,,,,,,,,,,,,,,,,,,,,,,,,,,,,,,,,,,,,,,,,,,,,,,,,,,,,,
386,ADVS,,,,,,,,,,,,,,,,,,,,,,,,,,,,,,,,,,,,,,,,,,,,,,,,,,,,,,,,,,,,,,,,,,,,,,
387,ADXS,,,,,,,,,,,,,,,,,,,,,,,,,,,,,,,,,,,,,,,,,,,,,,,,,,,,,,,,,,,,,,,,,,,,,,
388,ADXS1,,,,,,,,,,,,,,,,,,,,,,,,,,,,,,,,,,,,,,,,,,,,,,,,,,,,,,,,,,,,,,,,,,,,,,
389,ADY,,,,,,,,,,,,,,,,,,,,,,,,,,,,,,,,,,,,,,,,,,,,,,,,,,,,,,,,,,,,,,,,,,,,,,
390,AEC,,,,,,,,,,,,,,,,,,,,,,,,,,,,,,,,,,,,,,,,,,,,,,,,,,,,,,,,,,,,,,,,,,,,,,
391,AEGN,,,,,,,,,,,,,,,,,,,,,,,,,,,,,,,,,,,,,,,,,,,,,,,,,,,,,,,,,,,,,,,,,,,,,,
392,AEGR,,,,,,,,,,,,,,,,,,,,,,,,,,,,,,,,,,,,,,,,,,,,,,,,,,,,,,,,,,,,,,,,,,,,,,
393,AEM1,,,,,,,,,,,,,,,,,,,,,,,,,,,,,,,,,,,,,,,,,,,,,,,,,,,,,,,,,,,,,,,,,,,,,,
394,AEMD,,,,,,,,,,,,,,,,,,,,,,,,,,,,,,,,,,,,,,,,,,,,,,,,,,,,,,,,,,,,,,,,,,,,,,
395,AEMD1,,,,,,,,,,,,,,,,,,,,,,,,,,,,,,,,,,,,,,,,,,,,,,,,,,,,,,,,,,,,,,,,,,,,,,
396,AERI,,,,,,,,,,,,,,,,,,,,,,,,,,,,,,,,,,,,,,,,,,,,,,,,,,,,,,,,,,,,,,,,,,,,,,
397,AERL,,,,,,,,,,,,,,,,,,,,,,,,,,,,,,,,,,,,,,,,,,,,,,,,,,,,,,,,,,,,,,,,,,,,,,
398,AERL1,,,,,,,,,,,,,,,,,,,,,,,,,,,,,,,,,,,,,,,,,,,,,,,,,,,,,,,,,,,,,,,,,,,,,,
399,AET,,,,,,,,,,,,,,,,,,,,,,,,,,,,,,,,,,,,,,,,,,,,,,,,,,,,,,,,,,,,,,,,,,,,,,
400,AET1,,,,,,,,,,,,,,,,,,,,,,,,,,,,,,,,,,,,,,,,,,,,,,,,,,,,,,,,,,,,,,,,,,,,,,
401,AEZS,,,,,,,,,,,,,,,,,,,,,,,,,,,,,,,,,,,,,,,,,,,,,,,,,,,,,,,,,,,,,,,,,,,,,,
402,AEZS1,,,,,,,,,,,,,,,,,,,,,,,,,,,,,,,,,,,,,,,,,,,,,,,,,,,,,,,,,,,,,,,,,,,,,,
403,AF,,,,,,,,,,,,,,,,,,,,,,,,,,,,,,,,,,,,,,,,,,,,,,,,,,,,,,,,,,,,,,,,,,,,,,
404,AFAM,,,,,,,,,,,,,,,,,,,,,,,,,,,,,,,,,,,,,,,,,,,,,,,,,,,,,,,,,,,,,,,,,,,,,,
405,AFC,,,,,,,,,,,,,,,,,,,,,,,,,,,,,,,,,,,,,,,,,,,,,,,,,,,,,,,,,,,,,,,,,,,,,,
406,AFCE,,,,,,,,,,,,,,,,,,,,,,,,,,,,,,,,,,,,,,,,,,,,,,,,,,,,,,,,,,,,,,,,,,,,,,
407,AFCO,,,,,,,,,,,,,,,,,,,,,,,,,,,,,,,,,,,,,,,,,,,,,,,,,,,,,,,,,,,,,,,,,,,,,,
408,AFD,,,,,,,,,,,,,,,,,,,,,,,,,,,,,,,,,,,,,,,,,,,,,,,,,,,,,,,,,,,,,,,,,,,,,,
409,AFFX,,,,,,,,,,,,,,,,,,,,,,,,,,,,,,,,,,,,,,,,,,,,,,,,,,,,,,,,,,,,,,,,,,,,,,
410,AFFY,,,,,,,,,,,,,,,,,,,,,,,,,,,,,,,,,,,,,,,,,,,,,,,,,,,,,,,,,,,,,,,,,,,,,,
411,AFH,,,,,,,,,,,,,,,,,,,,,,,,,,,,,,,,,,,,,,,,,,,,,,,,,,,,,,,,,,,,,,,,,,,,,,
412,AFHIF,,,,,,,,,,,,,,,,,,,,,,,,,,,,,,,,,,,,,,,,,,,,,,,,,,,,,,,,,,,,,,,,,,,,,,
413,AFI,,,,,,,,,,,,,,,,,,,,,,,,,,,,,,,,,,,,,,,,,,,,,,,,,,,,,,,,,,,,,,,,,,,,,,
414,AFIIQ,,,,,,,,,,,,,,,,,,,,,,,,,,,,,,,,,,,,,,,,,,,,,,,,,,,,,,,,,,,,,,,,,,,,,,
415,AFIN,,,,,,,,,,,,,,,,,,,,,,,,,,,,,,,,,,,,,,,,,,,,,,,,,,,,,,,,,,,,,,,,,,,,,,
416,AFOP,,,,,,,,,,,,,,,,,,,,,,,,,,,,,,,,,,,,,,,,,,,,,,,,,,,,,,,,,,,,,,,,,,,,,,
417,AFSI,,,,,,,,,,,,,,,,,,,,,,,,,,,,,,,,,,,,,,,,,,,,,,,,,,,,,,,,,,,,,,,,,,,,,,
418,AFSI1,,,,,,,,,,,,,,,,,,,,,,,,,,,,,,,,,,,,,,,,,,,,,,,,,,,,,,,,,,,,,,,,,,,,,,
419,AGC,,,,,,,,,,,,,,,,,,,,,,,,,,,,,,,,,,,,,,,,,,,,,,,,,,,,,,,,,,,,,,,,,,,,,,
420,AGCB,,,,,,,,,,,,,,,,,,,,,,,,,,,,,,,,,,,,,,,,,,,,,,,,,,,,,,,,,,,,,,,,,,,,,,
421,AGE,,,,,,,,,,,,,,,,,,,,,,,,,,,,,,,,,,,,,,,,,,,,,,,,,,,,,,,,,,,,,,,,,,,,,,
422,AGEN1,,,,,,,,,,,,,,,,,,,,,,,,,,,,,,,,,,,,,,,,,,,,,,,,,,,,,,,,,,,,,,,,,,,,,,
423,AGFS,,,,,,,,,,,,,,,,,,,,,,,,,,,,,,,,,,,,,,,,,,,,,,,,,,,,,,,,,,,,,,,,,,,,,,
424,AGFY,,,,,,,,,,,,,,,,,,,,,,,,,,,,,,,,,,,,,,,,,,,,,,,,,,,,,,,,,,,,,,,,,,,,,,
425,AGFY1,,,,,,,,,,,,,,,,,,,,,,,,,,,,,,,,,,,,,,,,,,,,,,,,,,,,,,,,,,,,,,,,,,,,,,
426,AGI1,,,,,,,,,,,,,,,,,,,,,,,,,,,,,,,,,,,,,,,,,,,,,,,,,,,,,,,,,,,,,,,,,,,,,,
427,AGI2,,,,,,,,,,,,,,,,,,,,,,,,,,,,,,,,,,,,,,,,,,,,,,,,,,,,,,,,,,,,,,,,,,,,,,
428,AGII,,,,,,,,,,,,,,,,,,,,,,,,,,,,,,,,,,,,,,,,,,,,,,,,,,,,,,,,,,,,,,,,,,,,,,
429,AGII1,,,,,,,,,,,,,,,,,,,,,,,,,,,,,,,,,,,,,,,,,,,,,,,,,,,,,,,,,,,,,,,,,,,,,,
430,AGLE,,,,,,,,,,,,,,,,,,,,,,,,,,,,,,,,,,,,,,,,,,,,,,,,,,,,,,,,,,,,,,,,,,,,,,
431,AGLE1,,,,,,,,,,,,,,,,,,,,,,,,,,,,,,,,,,,,,,,,,,,,,,,,,,,,,,,,,,,,,,,,,,,,,,
432,AGN,,,,,,,,,,,,,,,,,,,,,,,,,,,,,,,,,,,,,,,,,,,,,,,,,,,,,,,,,,,,,,,,,,,,,,
433,AGN1,,,,,,,,,,,,,,,,,,,,,,,,,,,,,,,,,,,,,,,,,,,,,,,,,,,,,,,,,,,,,,,,,,,,,,
434,AGN2,,,,,,,,,,,,,,,,,,,,,,,,,,,,,,,,,,,,,,,,,,,,,,,,,,,,,,,,,,,,,,,,,,,,,,
435,AGN3,,,,,,,,,,,,,,,,,,,,,,,,,,,,,,,,,,,,,,,,,,,,,,,,,,,,,,,,,,,,,,,,,,,,,,
436,AGP,,,,,,,,,,,,,,,,,,,,,,,,,,,,,,,,,,,,,,,,,,,,,,,,,,,,,,,,,,,,,,,,,,,,,,
437,AGQ1,,,,,,,,,,,,,,,,,,,,,,,,,,,,,,,,,,,,,,,,,,,,,,,,,,,,,,,,,,,,,,,,,,,,,,
438,AGRI,,,,,,,,,,,,,,,,,,,,,,,,,,,,,,,,,,,,,,,,,,,,,,,,,,,,,,,,,,,,,,,,,,,,,,
439,AGRI1,,,,,,,,,,,,,,,,,,,,,,,,,,,,,,,,,,,,,,,,,,,,,,,,,,,,,,,,,,,,,,,,,,,,,,
440,AGRX,,,,,,,,,,,,,,,,,,,,,,,,,,,,,,,,,,,,,,,,,,,,,,,,,,,,,,,,,,,,,,,,,,,,,,
441,AGRX1,,,,,,,,,,,,,,,,,,,,,,,,,,,,,,,,,,,,,,,,,,,,,,,,,,,,,,,,,,,,,,,,,,,,,,
442,AGTC,,,,,,,,,,,,,,,,,,,,,,,,,,,,,,,,,,,,,,,,,,,,,,,,,,,,,,,,,,,,,,,,,,,,,,
443,AGU,,,,,,,,,,,,,,,,,,,,,,,,,,,,,,,,,,,,,,,,,,,,,,,,,,,,,,,,,,,,,,,,,,,,,,
444,AH,,,,,,,,,,,,,,,,,,,,,,,,,,,,,,,,,,,,,,,,,,,,,,,,,,,,,,,,,,,,,,,,,,,,,,
445,AHAC,,,,,,,,,,,,,,,,,,,,,,,,,,,,,,,,,,,,,,,,,,,,,,,,,,,,,,,,,,,,,,,,,,,,,,
446,AHC,,,,,,,,,,,,,,,,,,,,,,,,,,,,,,,,,,,,,,,,,,,,,,,,,,,,,,,,,,,,,,,,,,,,,,
447,AHC1,,,,,,,,,,,,,,,,,,,,,,,,,,,,,,,,,,,,,,,,,,,,,,,,,,,,,,,,,,,,,,,,,,,,,,
448,AHGP,,,,,,,,,,,,,,,,,,,,,,,,,,,,,,,,,,,,,,,,,,,,,,,,,,,,,,,,,,,,,,,,,,,,,,
449,AHL,,,,,,,,,,,,,,,,,,,,,,,,,,,,,,,,,,,,,,,,,,,,,,,,,,,,,,,,,,,,,,,,,,,,,,
450,AHP,,,,,,,,,,,,,,,,,,,,,,,,,,,,,,,,,,,,,,,,,,,,,,,,,,,,,,,,,,,,,,,,,,,,,,
451,AHS,,,,,,,,,,,,,,,,,,,,,,,,,,,,,,,,,,,,,,,,,,,,,,,,,,,,,,,,,,,,,,,,,,,,,,
452,AHT1,,,,,,,,,,,,,,,,,,,,,,,,,,,,,,,,,,,,,,,,,,,,,,,,,,,,,,,,,,,,,,,,,,,,,,
453,AIC,,,,,,,,,,,,,,,,,,,,,,,,,,,,,,,,,,,,,,,,,,,,,,,,,,,,,,,,,,,,,,,,,,,,,,
454,AID,,,,,,,,,,,,,,,,,,,,,,,,,,,,,,,,,,,,,,,,,,,,,,,,,,,,,,,,,,,,,,,,,,,,,,
455,AIG2,,,,,,,,,,,,,,,,,,,,,,,,,,,,,,,,,,,,,,,,,,,,,,,,,,,,,,,,,,,,,,,,,,,,,,
456,AIIQ,,,,,,,,,,,,,,,,,,,,,,,,,,,,,,,,,,,,,,,,,,,,,,,,,,,,,,,,,,,,,,,,,,,,,,
457,AIMC,,,,,,,,,,,,,,,,,,,,,,,,,,,,,,,,,,,,,,,,,,,,,,,,,,,,,,,,,,,,,,,,,,,,,,
458,AIMT,,,,,,,,,,,,,,,,,,,,,,,,,,,,,,,,,,,,,,,,,,,,,,,,,,,,,,,,,,,,,,,,,,,,,,
459,AINV,,,,,,,,,,,,,,,,,,,,,,,,,,,,,,,,,,,,,,,,,,,,,,,,,,,,,,,,,,,,,,,,,,,,,,
460,AINV1,,,,,,,,,,,,,,,,,,,,,,,,,,,,,,,,,,,,,,,,,,,,,,,,,,,,,,,,,,,,,,,,,,,,,,
461,AIQ1,,,,,,,,,,,,,,,,,,,,,,,,,,,,,,,,,,,,,,,,,,,,,,,,,,,,,,,,,,,,,,,,,,,,,,
462,AIRM,,,,,,,,,,,,,,,,,,,,,,,,,,,,,,,,,,,,,,,,,,,,,,,,,,,,,,,,,,,,,,,,,,,,,,
463,AIS,,,,,,,,,,,,,,,,,,,,,,,,,,,,,,,,,,,,,,,,,,,,,,,,,,,,,,,,,,,,,,,,,,,,,,
464,AIV1,,,,,,,,,,,,,,,,,,,,,,,,,,,,,,,,,,,,,,,,,,,,,,,,,,,,,,,,,,,,,,,,,,,,,,
465,AIV2,,,,,,,,,,,,,,,,,,,,,,,,,,,,,,,,,,,,,,,,,,,,,,,,,,,,,,,,,,,,,,,,,,,,,,
466,AIV3,,,,,,,,,,,,,,,,,,,,,,,,,,,,,,,,,,,,,,,,,,,,,,,,,,,,,,,,,,,,,,,,,,,,,,
467,AIXG,,,,,,,,,,,,,,,,,,,,,,,,,,,,,,,,,,,,,,,,,,,,,,,,,,,,,,,,,,,,,,,,,,,,,,
468,AJAX,,,,,,,,,,,,,,,,,,,,,,,,,,,,,,,,,,,,,,,,,,,,,,,,,,,,,,,,,,,,,,,,,,,,,,
469,AJRD,,,,,,,,,,,,,,,,,,,,,,,,,,,,,,,,,,,,,,,,,,,,,,,,,,,,,,,,,,,,,,,,,,,,,,
470,AJRD1,,,,,,,,,,,,,,,,,,,,,,,,,,,,,,,,,,,,,,,,,,,,,,,,,,,,,,,,,,,,,,,,,,,,,,
471,AKA,,,,,,,,,,,,,,,,,,,,,,,,,,,,,,,,,,,,,,,,,,,,,,,,,,,,,,,,,,,,,,,,,,,,,,
472,AKA1,,,,,,,,,,,,,,,,,,,,,,,,,,,,,,,,,,,,,,,,,,,,,,,,,,,,,,,,,,,,,,,,,,,,,,
473,AKAO,,,,,,,,,,,,,,,,,,,,,,,,,,,,,,,,,,,,,,,,,,,,,,,,,,,,,,,,,,,,,,,,,,,,,,
474,AKAOQ,,,,,,,,,,,,,,,,,,,,,,,,,,,,,,,,,,,,,,,,,,,,,,,,,,,,,,,,,,,,,,,,,,,,,,
475,AKBA1,,,,,,,,,,,,,,,,,,,,,,,,,,,,,,,,,,,,,,,,,,,,,,,,,,,,,,,,,,,,,,,,,,,,,,
476,AKCA,,,,,,,,,,,,,,,,,,,,,,,,,,,,,,,,,,,,,,,,,,,,,,,,,,,,,,,,,,,,,,,,,,,,,,
477,AKE,,,,,,,,,,,,,,,,,,,,,,,,,,,,,,,,,,,,,,,,,,,,,,,,,,,,,,,,,,,,,,,,,,,,,,
478,AKG,,,,,,,,,,,,,,,,,,,,,,,,,,,,,,,,,,,,,,,,,,,,,,,,,,,,,,,,,,,,,,,,,,,,,,
479,AKRX,,,,,,,,,,,,,,,,,,,,,,,,,,,,,,,,,,,,,,,,,,,,,,,,,,,,,,,,,,,,,,,,,,,,,,
480,AKRXQ,,,,,,,,,,,,,,,,,,,,,,,,,,,,,,,,,,,,,,,,,,,,,,,,,,,,,,,,,,,,,,,,,,,,,,
481,AKS,,,,,,,,,,,,,,,,,,,,,,,,,,,,,,,,,,,,,,,,,,,,,,,,,,,,,,,,,,,,,,,,,,,,,,
482,AKUS,,,,,,,,,,,,,,,,,,,,,,,,,,,,,,,,,,,,,,,,,,,,,,,,,,,,,,,,,,,,,,,,,,,,,,
483,ALB1,,,,,,,,,,,,,,,,,,,,,,,,,,,,,,,,,,,,,,,,,,,,,,,,,,,,,,,,,,,,,,,,,,,,,,
484,ALBO,,,,,,,,,,,,,,,,,,,,,,,,,,,,,,,,,,,,,,,,,,,,,,,,,,,,,,,,,,,,,,,,,,,,,,
485,ALBO1,,,,,,,,,,,,,,,,,,,,,,,,,,,,,,,,,,,,,,,,,,,,,,,,,,,,,,,,,,,,,,,,,,,,,,
486,ALDR,,,,,,,,,,,,,,,,,,,,,,,,,,,,,,,,,,,,,,,,,,,,,,,,,,,,,,,,,,,,,,,,,,,,,,
487,ALDW,,,,,,,,,,,,,,,,,,,,,,,,,,,,,,,,,,,,,,,,,,,,,,,,,,,,,,,,,,,,,,,,,,,,,,
488,ALEX1,,,,,,,,,,,,,,,,,,,,,,,,,,,,,,,,,,,,,,,,,,,,,,,,,,,,,,,,,,,,,,,,,,,,,,
489,ALFA,,,,,,,,,,,,,,,,,,,,,,,,,,,,,,,,,,,,,,,,,,,,,,,,,,,,,,,,,,,,,,,,,,,,,,
490,ALIM1,,,,,,,,,,,,,,,,,,,,,,,,,,,,,,,,,,,,,,,,,,,,,,,,,,,,,,,,,,,,,,,,,,,,,,
491,ALJ,,,,,,,,,,,,,,,,,,,,,,,,,,,,,,,,,,,,,,,,,,,,,,,,,,,,,,,,,,,,,,,,,,,,,,
492,ALKS1,,,,,,,,,,,,,,,,,,,,,,,,,,,,,,,,,,,,,,,,,,,,,,,,,,,,,,,,,,,,,,,,,,,,,,
493,ALOG,,,,,,,,,,,,,,,,,,,,,,,,,,,,,,,,,,,,,,,,,,,,,,,,,,,,,,,,,,,,,,,,,,,,,,
494,ALPP1,,,,,,,,,,,,,,,,,,,,,,,,,,,,,,,,,,,,,,,,,,,,,,,,,,,,,,,,,,,,,,,,,,,,,,
495,ALQA,,,,,,,,,,,,,,,,,,,,,,,,,,,,,,,,,,,,,,,,,,,,,,,,,,,,,,,,,,,,,,,,,,,,,,
496,ALQA1,,,,,,,,,,,,,,,,,,,,,,,,,,,,,,,,,,,,,,,,,,,,,,,,,,,,,,,,,,,,,,,,,,,,,,
497,ALR,,,,,,,,,,,,,,,,,,,,,,,,,,,,,,,,,,,,,,,,,,,,,,,,,,,,,,,,,,,,,,,,,,,,,,
498,ALSK,,,,,,,,,,,,,,,,,,,,,,,,,,,,,,,,,,,,,,,,,,,,,,,,,,,,,,,,,,,,,,,,,,,,,,
499,ALT1,,,,,,,,,,,,,,,,,,,,,,,,,,,,,,,,,,,,,,,,,,,,,,,,,,,,,,,,,,,,,,,,,,,,,,
